DATE,PRCP,TMAX,TMIN
2010-03-26T00:00:00,0.0,,
2010-03-27T00:00:00,0.0,,
2010-03-28T00:00:00,0.0,,
2010-03-29T00:00:00,0.0,,
2010-03-30T00:00:00,0.0,,
2010-03-31T00:00:00,0.0,,
2010-04-01T00:00:00,0.0,,
2010-04-02T00:00:00,0.0,,
2010-04-03T00:00:00,0.0,,
2010-04-04T00:00:00,0.0,,
2010-04-05T00:00:00,0.0,,
2010-04-06T00:00:00,0.3,,
2010-04-07T00:00:00,0.3,,
2010-04-08T00:00:00,0.0,,
2010-04-09T00:00:00,0.0,,
2010-04-10T00:00:00,0.0,,
2010-04-11T00:00:00,0.0,,
2010-04-12T00:00:00,2.0,,
2010-04-13T00:00:00,0.5,,
2010-04-14T00:00:00,3.0,,
2010-04-15T00:00:00,66.0,,
2010-04-20T00:00:00,0.0,,
2010-04-21T00:00:00,0.0,,
2010-04-22T00:00:00,0.3,,
2010-04-24T00:00:00,0.0,,
2010-04-25T00:00:00,0.0,,
2010-04-26T00:00:00,0.0,,
2010-04-27T00:00:00,0.0,,
2010-04-28T00:00:00,0.0,,
2010-04-29T00:00:00,0.0,,
2010-04-30T00:00:00,0.0,,
2010-05-01T00:00:00,1.3,,
2010-05-03T00:00:00,0.0,,
2010-05-04T00:00:00,0.0,,
2010-05-05T00:00:00,0.0,,
2010-05-06T00:00:00,0.0,,
2010-05-07T00:00:00,0.0,,
2010-05-08T00:00:00,0.0,,
2010-05-09T00:00:00,0.0,,
2010-05-11T00:00:00,,,
2010-05-12T00:00:00,0.0,,
2010-05-13T00:00:00,0.5,,
2010-05-16T00:00:00,5.1,,
2010-05-17T00:00:00,0.0,,
2010-05-18T00:00:00,66.0,,
2010-05-19T00:00:00,0.0,,
2010-05-20T00:00:00,0.0,,
2010-05-22T00:00:00,,,
2010-05-24T00:00:00,0.5,,
2010-05-25T00:00:00,1.0,,
2010-05-26T00:00:00,0.0,,
2010-05-27T00:00:00,0.0,,
2010-05-28T00:00:00,0.0,,
2010-05-30T00:00:00,0.0,,
2010-05-31T00:00:00,0.0,,
2010-06-01T00:00:00,0.0,,
2010-06-02T00:00:00,0.0,,
2010-06-03T00:00:00,0.0,,
2010-06-05T00:00:00,,,
2010-06-09T00:00:00,,,
2010-06-10T00:00:00,0.0,,
2010-06-11T00:00:00,0.0,,
2010-06-14T00:00:00,,,
2010-06-15T00:00:00,0.0,,
2010-06-17T00:00:00,,,
2010-06-18T00:00:00,0.0,,
2010-06-19T00:00:00,0.0,,
2010-06-22T00:00:00,,,
2010-06-23T00:00:00,0.0,,
2010-06-24T00:00:00,0.0,,
2010-06-26T00:00:00,0.0,,
2010-06-27T00:00:00,0.0,,
2010-06-28T00:00:00,0.0,,
2010-06-29T00:00:00,0.8,,
2010-06-30T00:00:00,8.1,,
2010-07-01T00:00:00,2.0,,
2010-07-02T00:00:00,3.3,,
2010-07-03T00:00:00,93.7,,
2010-07-04T00:00:00,58.4,,
2010-07-05T00:00:00,137.2,,
2010-07-06T00:00:00,3.3,,
2010-07-07T00:00:00,0.0,,
2010-07-08T00:00:00,0.0,,
2010-07-09T00:00:00,13.2,,
2010-07-13T00:00:00,,,
2010-07-14T00:00:00,0.0,,
2010-07-15T00:00:00,0.0,,
2010-07-16T00:00:00,0.0,,
2010-07-17T00:00:00,0.0,,
2010-07-20T00:00:00,,,
2010-07-22T00:00:00,,,
2010-07-24T00:00:00,,,
2010-07-25T00:00:00,0.0,,
2010-07-26T00:00:00,0.0,,
2010-07-27T00:00:00,0.0,,
2010-08-02T00:00:00,,,
2010-08-03T00:00:00,0.0,,
2010-08-05T00:00:00,,,
2010-08-06T00:00:00,0.0,,
2010-08-09T00:00:00,,,
2010-08-12T00:00:00,,,
2010-08-14T00:00:00,,,
2010-08-15T00:00:00,0.0,,
2010-08-16T00:00:00,0.0,,
2010-08-17T00:00:00,0.0,,
2010-08-18T00:00:00,0.0,,
2010-08-22T00:00:00,,,
2010-08-23T00:00:00,0.0,,
2010-08-24T00:00:00,0.0,,
2010-08-25T00:00:00,8.1,,
2010-08-27T00:00:00,,,
2010-08-28T00:00:00,0.0,,
2010-08-29T00:00:00,0.0,,
2010-08-30T00:00:00,0.0,,
2010-08-31T00:00:00,0.0,,
2010-09-01T00:00:00,0.0,,
2010-09-02T00:00:00,0.0,,
2010-09-03T00:00:00,35.8,,
2010-09-04T00:00:00,0.5,,
2010-09-06T00:00:00,,,
2010-09-07T00:00:00,0.3,,
2010-09-08T00:00:00,7.9,,
2010-09-09T00:00:00,0.0,,
2010-09-10T00:00:00,0.0,,
2010-09-11T00:00:00,0.0,,
2010-09-12T00:00:00,0.0,,
2010-09-14T00:00:00,0.0,,
2010-09-15T00:00:00,0.0,,
2010-09-18T00:00:00,0.0,,
2010-09-19T00:00:00,0.0,,
2010-09-20T00:00:00,13.0,,
2010-09-21T00:00:00,0.0,,
2010-09-22T00:00:00,9.9,,
2010-09-23T00:00:00,0.5,,
2010-09-29T00:00:00,,,
2010-09-30T00:00:00,0.0,,
2010-10-03T00:00:00,0.0,,
2010-10-05T00:00:00,,,
2010-10-06T00:00:00,0.0,,
2010-10-07T00:00:00,0.0,,
2010-10-08T00:00:00,0.0,,
2010-10-09T00:00:00,0.0,,
2010-10-10T00:00:00,0.0,,
2010-10-11T00:00:00,0.0,,
2010-10-12T00:00:00,0.0,,
2010-10-13T00:00:00,0.0,,
2010-10-14T00:00:00,0.0,,
2010-10-15T00:00:00,0.0,,
2010-10-16T00:00:00,0.0,,
2010-10-18T00:00:00,,,
2010-10-19T00:00:00,0.0,,
2010-10-20T00:00:00,0.0,,
2010-10-21T00:00:00,0.0,,
2010-10-22T00:00:00,0.0,,
2010-10-23T00:00:00,0.0,,
2010-10-26T00:00:00,,,
2010-10-27T00:00:00,0.0,,
2010-10-28T00:00:00,0.0,,
2010-10-29T00:00:00,0.0,,
2010-10-30T00:00:00,0.0,,
2010-10-31T00:00:00,0.0,,
2010-11-02T00:00:00,,,
2010-11-03T00:00:00,0.0,,
2010-11-04T00:00:00,0.0,,
2010-11-05T00:00:00,0.0,,
2010-11-06T00:00:00,0.0,,
2010-11-08T00:00:00,,,
2010-11-09T00:00:00,0.0,,
2010-11-10T00:00:00,0.0,,
2010-11-14T00:00:00,,,
2010-11-16T00:00:00,,,
2010-11-17T00:00:00,0.0,,
2010-11-18T00:00:00,0.0,,
2010-11-19T00:00:00,0.0,,
2010-11-20T00:00:00,0.0,,
2010-11-23T00:00:00,,,
2010-11-24T00:00:00,0.0,,
2010-11-30T00:00:00,,,
2010-12-02T00:00:00,,,
2010-12-03T00:00:00,0.0,,
2010-12-07T00:00:00,,,
2010-12-08T00:00:00,0.0,,
2010-12-09T00:00:00,0.0,,
2010-12-10T00:00:00,0.0,,
2010-12-11T00:00:00,0.0,,
2010-12-14T00:00:00,,,
2010-12-15T00:00:00,0.0,,
2010-12-16T00:00:00,0.0,,
2010-12-17T00:00:00,0.0,,
2010-12-18T00:00:00,0.0,,
2010-12-21T00:00:00,,,
2010-12-22T00:00:00,0.0,,
2010-12-23T00:00:00,0.5,,
2010-12-28T00:00:00,,,
2010-12-29T00:00:00,0.0,,
2010-12-30T00:00:00,0.0,,
2011-01-05T00:00:00,,,
2011-01-06T00:00:00,0.0,,
2011-01-07T00:00:00,0.0,,
2011-01-08T00:00:00,0.0,,
2011-01-09T00:00:00,2.8,,
2011-01-11T00:00:00,,,
2011-01-12T00:00:00,0.0,,
2011-01-13T00:00:00,0.0,,
2011-01-14T00:00:00,0.0,,
2011-01-15T00:00:00,0.5,,
2011-01-18T00:00:00,,,
2011-01-20T00:00:00,,,
2011-01-21T00:00:00,0.0,,
2011-01-22T00:00:00,0.0,,
2011-01-25T00:00:00,,,
2011-01-26T00:00:00,0.0,,
2011-01-27T00:00:00,0.0,,
2011-01-28T00:00:00,0.0,,
2011-01-29T00:00:00,0.0,,
2011-02-01T00:00:00,,,
2011-02-02T00:00:00,0.0,,
2011-02-03T00:00:00,0.0,,
2011-02-04T00:00:00,0.0,,
2011-02-05T00:00:00,0.0,,
2011-02-08T00:00:00,,,
2011-02-09T00:00:00,0.0,,
2011-02-15T00:00:00,,,
2011-02-16T00:00:00,0.0,,
2011-02-17T00:00:00,0.0,,
2011-02-18T00:00:00,0.0,,
2011-03-03T00:00:00,,,
2011-03-04T00:00:00,0.0,,
2011-03-05T00:00:00,0.0,,
2011-03-08T00:00:00,,,
2011-03-09T00:00:00,0.0,,
2011-03-10T00:00:00,0.0,,
2011-03-11T00:00:00,0.0,,
2011-03-12T00:00:00,0.0,,
2011-03-15T00:00:00,,,
2011-03-16T00:00:00,0.0,,
2011-03-17T00:00:00,0.0,,
2011-03-18T00:00:00,0.0,,
2011-03-19T00:00:00,0.0,,
2011-03-22T00:00:00,,,
2011-03-23T00:00:00,0.0,,
2011-03-24T00:00:00,0.0,,
2011-03-25T00:00:00,0.0,,
2011-03-28T00:00:00,,,
2011-04-05T00:00:00,,,
2011-04-06T00:00:00,0.0,,
2011-04-07T00:00:00,0.0,,
2011-04-08T00:00:00,0.0,,
2011-04-09T00:00:00,0.0,,
2011-04-20T00:00:00,,,
2011-04-21T00:00:00,0.0,,
2011-04-22T00:00:00,2.8,,
2011-04-26T00:00:00,,,
2011-04-27T00:00:00,0.0,,
2011-04-28T00:00:00,0.0,,
2011-04-29T00:00:00,0.0,,
2011-04-30T00:00:00,0.0,,
2011-05-01T00:00:00,0.0,,
2011-05-02T00:00:00,0.5,,
2011-05-04T00:00:00,0.0,,
2011-05-05T00:00:00,0.0,,
2011-05-06T00:00:00,0.0,,
2011-05-07T00:00:00,0.8,,
2011-05-10T00:00:00,,,
2011-05-11T00:00:00,0.3,,
2011-05-12T00:00:00,29.5,,
2011-05-13T00:00:00,0.0,,
2011-05-14T00:00:00,0.0,,
2011-05-17T00:00:00,,,
2011-05-18T00:00:00,0.0,,
2011-05-19T00:00:00,0.0,,
2011-05-20T00:00:00,1.0,,
2011-05-21T00:00:00,0.0,,
2011-05-24T00:00:00,,,
2011-05-27T00:00:00,,,
2011-05-28T00:00:00,0.0,,
2011-05-31T00:00:00,,,
2011-06-01T00:00:00,0.0,,
2011-06-02T00:00:00,0.0,,
2011-06-03T00:00:00,0.0,,
2011-06-04T00:00:00,0.0,,
2011-06-08T00:00:00,,,
2011-06-09T00:00:00,0.0,,
2011-06-10T00:00:00,0.0,,
2011-06-11T00:00:00,0.0,,
2011-06-14T00:00:00,,,
2011-06-15T00:00:00,0.0,,
2011-06-16T00:00:00,0.0,,
2011-06-24T00:00:00,,,
2011-06-25T00:00:00,0.0,,
2011-06-30T00:00:00,,,
2011-07-01T00:00:00,0.0,,
2011-07-02T00:00:00,0.0,,
2011-07-05T00:00:00,,,
2011-07-06T00:00:00,0.0,,
2011-07-07T00:00:00,0.0,,
2011-07-11T00:00:00,,,
2011-07-12T00:00:00,0.0,,
2011-07-13T00:00:00,0.0,,
2011-07-14T00:00:00,0.0,,
2011-07-15T00:00:00,0.0,,
2011-07-16T00:00:00,0.0,,
2011-07-19T00:00:00,,,
2011-07-20T00:00:00,0.0,,
2011-07-21T00:00:00,0.0,,
2011-07-22T00:00:00,0.0,,
2011-07-23T00:00:00,4.3,,
2011-07-28T00:00:00,,,
2011-07-29T00:00:00,0.0,,
2011-08-03T00:00:00,,,
2011-08-04T00:00:00,0.0,,
2011-08-05T00:00:00,0.0,,
2011-08-06T00:00:00,0.0,,
2011-08-09T00:00:00,,,
2011-08-10T00:00:00,0.0,,
2011-08-11T00:00:00,0.0,,
2011-08-12T00:00:00,11.4,,
2011-08-13T00:00:00,0.0,,
2011-08-16T00:00:00,,,
2011-08-17T00:00:00,0.0,,
2011-08-18T00:00:00,0.0,,
2011-08-19T00:00:00,0.0,,
2011-08-20T00:00:00,0.0,,
2011-08-25T00:00:00,,,
2011-08-26T00:00:00,0.3,,
2011-08-27T00:00:00,0.0,,
2011-08-30T00:00:00,,,
2011-08-31T00:00:00,0.0,,
2011-09-01T00:00:00,0.0,,
2011-09-02T00:00:00,0.0,,
2011-09-11T00:00:00,,,
2011-09-15T00:00:00,,,
2011-09-16T00:00:00,1.0,,
2011-09-17T00:00:00,10.7,,
2011-09-20T00:00:00,,,
2011-09-21T00:00:00,0.0,,
2011-09-22T00:00:00,0.0,,
2011-09-23T00:00:00,1.0,,
2011-09-24T00:00:00,0.0,,
2011-09-27T00:00:00,,,
2011-09-29T00:00:00,,,
2011-09-30T00:00:00,0.3,,
2011-10-01T00:00:00,0.0,,
2011-10-04T00:00:00,,,
2011-10-05T00:00:00,0.0,,
2011-10-06T00:00:00,0.0,,
2011-10-07T00:00:00,0.0,,
2011-10-08T00:00:00,0.0,,
2011-10-11T00:00:00,,,
2011-10-12T00:00:00,0.0,,
2011-10-13T00:00:00,0.0,,
2011-10-14T00:00:00,0.0,,
2011-10-15T00:00:00,0.0,,
2011-10-18T00:00:00,,,
2011-10-19T00:00:00,0.0,,
2011-10-25T00:00:00,,,
2011-10-26T00:00:00,0.0,,
2011-10-27T00:00:00,0.0,,
2011-10-28T00:00:00,0.0,,
2011-11-02T00:00:00,,,
2011-11-03T00:00:00,0.0,,
2011-11-04T00:00:00,0.0,,
2011-11-12T00:00:00,,,
2011-11-18T00:00:00,,,
2011-11-19T00:00:00,0.0,,
2011-11-22T00:00:00,,,
2011-11-23T00:00:00,0.0,,
2011-11-24T00:00:00,0.0,,
2011-11-30T00:00:00,,,
2011-12-01T00:00:00,0.0,,
2011-12-02T00:00:00,0.5,,
2011-12-03T00:00:00,0.3,,
2011-12-06T00:00:00,,,
2011-12-07T00:00:00,0.0,,
2011-12-08T00:00:00,0.0,,
2011-12-09T00:00:00,0.0,,
2011-12-16T00:00:00,,,
2011-12-17T00:00:00,0.0,,
2011-12-20T00:00:00,,,
2011-12-21T00:00:00,0.0,,
2011-12-22T00:00:00,0.8,,
2011-12-27T00:00:00,,,
2011-12-28T00:00:00,0.0,,
2011-12-29T00:00:00,0.0,,
2011-12-30T00:00:00,0.0,,
2011-12-31T00:00:00,0.0,,
2012-01-10T00:00:00,,,
2012-01-11T00:00:00,0.0,,
2012-01-12T00:00:00,0.0,,
2012-01-13T00:00:00,0.0,,
2012-01-14T00:00:00,0.0,,
2012-01-17T00:00:00,,,
2012-01-18T00:00:00,0.0,,
2012-01-19T00:00:00,0.0,,
2012-01-20T00:00:00,0.0,,
2012-01-24T00:00:00,,,
2012-01-25T00:00:00,7.9,,
2012-01-26T00:00:00,0.3,,
2012-01-27T00:00:00,0.0,,
2012-01-28T00:00:00,0.0,,
2012-01-31T00:00:00,,,
2012-02-01T00:00:00,0.0,,
2012-02-02T00:00:00,0.0,,
2012-02-03T00:00:00,0.0,,
2012-02-04T00:00:00,0.0,,
2012-02-07T00:00:00,,,
2012-02-08T00:00:00,0.0,,
2012-02-09T00:00:00,0.0,,
2012-02-10T00:00:00,0.5,,
2012-02-11T00:00:00,0.3,,
2012-02-12T00:00:00,2.5,,
2012-02-13T00:00:00,3.6,,
2012-02-14T00:00:00,0.3,,
2012-02-15T00:00:00,0.0,,
2012-02-16T00:00:00,0.0,,
2012-02-21T00:00:00,,,
2012-02-22T00:00:00,0.0,,
2012-02-23T00:00:00,0.0,,
2012-02-24T00:00:00,0.0,,
2012-02-28T00:00:00,,,
2012-03-01T00:00:00,0.0,,
2012-03-02T00:00:00,0.0,,
2012-03-03T00:00:00,0.0,,
2012-03-06T00:00:00,,,
2012-03-07T00:00:00,0.0,,
2012-03-08T00:00:00,0.0,,
2012-03-15T00:00:00,,,
2012-03-16T00:00:00,0.0,,
2012-03-17T00:00:00,0.0,,
2012-03-20T00:00:00,,,
2012-03-21T00:00:00,0.0,,
2012-03-22T00:00:00,0.0,,
2012-03-23T00:00:00,0.0,,
2012-03-24T00:00:00,0.0,,
2012-03-25T00:00:00,0.0,,
2012-03-26T00:00:00,0.0,,
2012-03-27T00:00:00,1.3,,
2012-03-28T00:00:00,12.7,,
2012-03-29T00:00:00,0.0,,
2012-03-30T00:00:00,0.0,,
2012-03-31T00:00:00,0.0,,
2012-04-03T00:00:00,,,
2012-04-04T00:00:00,0.0,,
2012-04-11T00:00:00,,,
2012-04-12T00:00:00,0.5,,
2012-04-13T00:00:00,0.0,,
2012-04-17T00:00:00,,,
2012-04-18T00:00:00,0.0,,
2012-04-19T00:00:00,0.0,,
2012-04-20T00:00:00,0.0,,
2012-04-21T00:00:00,0.0,,
2012-04-26T00:00:00,,,
2012-04-27T00:00:00,0.0,,
2012-04-28T00:00:00,0.0,,
2012-04-29T00:00:00,0.0,,
2012-04-30T00:00:00,0.0,,
2012-05-01T00:00:00,3.0,,
2012-05-02T00:00:00,0.0,,
2012-05-03T00:00:00,0.0,,
2012-05-04T00:00:00,1.3,,
2012-05-08T00:00:00,,,
2012-05-09T00:00:00,34.8,,
2012-05-10T00:00:00,30.2,,
2012-05-11T00:00:00,26.4,,
2012-05-12T00:00:00,0.0,,
2012-05-13T00:00:00,0.0,,
2012-05-14T00:00:00,24.9,,
2012-05-15T00:00:00,1.0,,
2012-05-16T00:00:00,0.8,,
2012-05-17T00:00:00,0.0,,
2012-05-18T00:00:00,0.0,,
2012-05-23T00:00:00,,,
2012-05-25T00:00:00,,,
2012-05-26T00:00:00,0.0,,
2012-05-29T00:00:00,,,
2012-05-30T00:00:00,0.0,,
2012-05-31T00:00:00,0.0,,
2012-06-01T00:00:00,0.0,,
2012-06-02T00:00:00,0.0,,
2012-06-05T00:00:00,,,
2012-06-06T00:00:00,0.0,,
2012-06-07T00:00:00,0.0,,
2012-06-08T00:00:00,0.0,,
2012-06-09T00:00:00,0.0,,
2012-06-12T00:00:00,,,
2012-06-13T00:00:00,0.0,,
2012-06-14T00:00:00,0.0,,
2012-06-15T00:00:00,0.0,,
2012-06-16T00:00:00,0.0,,
2012-06-19T00:00:00,,,
2012-06-20T00:00:00,0.0,,
2012-06-21T00:00:00,0.0,,
2012-06-22T00:00:00,0.0,,
2012-06-23T00:00:00,0.0,,
2012-06-27T00:00:00,,,
2012-06-28T00:00:00,0.0,,
2012-06-29T00:00:00,0.0,,
2012-06-30T00:00:00,0.0,,
2012-07-04T00:00:00,,,
2012-07-05T00:00:00,0.0,,
2012-07-06T00:00:00,0.0,,
2012-07-09T00:00:00,,,
2012-07-10T00:00:00,0.8,,
2012-07-11T00:00:00,2.0,,
2012-07-12T00:00:00,4.1,,
2012-07-17T00:00:00,,,
2012-07-18T00:00:00,0.0,,
2012-07-19T00:00:00,0.3,,
2012-07-20T00:00:00,0.0,,
2012-07-21T00:00:00,0.0,,
2012-07-25T00:00:00,,,
2012-07-26T00:00:00,0.0,,
2012-07-27T00:00:00,0.0,,
2012-07-28T00:00:00,0.3,,
2012-07-31T00:00:00,,,
2012-08-01T00:00:00,0.0,,
2012-08-02T00:00:00,0.0,,
2012-08-03T00:00:00,0.0,,
2012-08-04T00:00:00,0.0,,
2012-08-07T00:00:00,,,
2012-08-08T00:00:00,0.0,,
2012-08-09T00:00:00,0.3,,
2012-08-10T00:00:00,6.1,,
2012-08-11T00:00:00,3.3,,
2012-08-14T00:00:00,,,
2012-08-15T00:00:00,0.0,,
2012-08-22T00:00:00,,,
2012-08-24T00:00:00,,,
2012-08-25T00:00:00,0.0,,
2012-08-28T00:00:00,,,
2012-09-01T00:00:00,0.0,,
2012-09-02T00:00:00,0.0,,
2012-09-03T00:00:00,0.0,,
2012-09-04T00:00:00,0.0,,
2012-09-05T00:00:00,0.0,,
2012-09-06T00:00:00,0.0,,
2012-09-07T00:00:00,0.0,,
2012-09-08T00:00:00,0.0,,
2012-09-09T00:00:00,0.3,,
2012-09-10T00:00:00,0.0,,
2012-09-11T00:00:00,0.0,,
2012-09-12T00:00:00,0.0,,
2012-09-13T00:00:00,0.0,,
2012-09-14T00:00:00,6.9,,
2012-09-15T00:00:00,0.3,,
2012-09-16T00:00:00,14.2,,
2012-09-17T00:00:00,0.5,,
2012-09-18T00:00:00,0.0,,
2012-09-19T00:00:00,0.0,,
2012-09-20T00:00:00,0.0,,
2012-09-21T00:00:00,0.0,,
2012-09-22T00:00:00,0.0,,
2012-09-25T00:00:00,,,
2012-09-26T00:00:00,0.0,,
2012-09-27T00:00:00,0.0,,
2012-09-28T00:00:00,3.3,,
2012-09-29T00:00:00,6.9,,
2012-10-02T00:00:00,,,
2012-10-03T00:00:00,0.0,,
2012-10-04T00:00:00,0.0,,
2012-10-05T00:00:00,0.0,,
2012-10-09T00:00:00,,,
2012-10-10T00:00:00,0.0,,
2012-10-11T00:00:00,0.0,,
2012-10-12T00:00:00,0.0,,
2012-10-13T00:00:00,0.0,,
2012-10-16T00:00:00,,,
2012-10-17T00:00:00,0.0,,
2012-10-18T00:00:00,0.0,,
2012-10-19T00:00:00,0.0,,
2012-10-23T00:00:00,,,
2012-10-24T00:00:00,0.0,,
2012-10-25T00:00:00,0.0,,
2012-10-26T00:00:00,0.0,,
2012-10-27T00:00:00,0.0,,
2012-10-28T00:00:00,0.0,,
2012-10-29T00:00:00,0.0,,
2012-10-30T00:00:00,0.0,,
2012-10-31T00:00:00,0.0,,
2012-11-01T00:00:00,0.0,,
2012-11-02T00:00:00,0.0,,
2012-11-03T00:00:00,0.0,,
2012-11-07T00:00:00,,,
2012-11-08T00:00:00,0.0,,
2012-11-09T00:00:00,0.0,,
2012-11-10T00:00:00,0.0,,
2012-11-13T00:00:00,,,
2012-11-14T00:00:00,0.0,,
2012-11-15T00:00:00,0.0,,
2012-11-16T00:00:00,0.0,,
2012-11-17T00:00:00,0.0,,
2012-11-20T00:00:00,,,
2012-11-21T00:00:00,0.0,,
2012-11-23T00:00:00,0.0,,
2012-11-24T00:00:00,0.0,,
2012-11-27T00:00:00,0.0,,
2012-11-28T00:00:00,0.0,,
2012-11-29T00:00:00,0.0,,
2012-11-30T00:00:00,0.0,,
2012-12-01T00:00:00,0.0,,
2012-12-05T00:00:00,0.0,,
2012-12-06T00:00:00,0.0,,
2012-12-07T00:00:00,0.0,,
2012-12-13T00:00:00,,,
2012-12-14T00:00:00,2.3,,
2012-12-15T00:00:00,0.8,,
2012-12-19T00:00:00,,,
2012-12-20T00:00:00,0.0,,
2012-12-21T00:00:00,0.0,,
2012-12-22T00:00:00,0.0,,
2012-12-25T00:00:00,,,
2012-12-26T00:00:00,0.0,,
2012-12-27T00:00:00,0.0,,
2012-12-28T00:00:00,0.0,,
2012-12-30T00:00:00,,,
2013-01-01T00:00:00,0.0,,
2013-01-02T00:00:00,0.0,,
2013-01-03T00:00:00,0.0,,
2013-01-04T00:00:00,1.5,,
2013-01-05T00:00:00,0.0,,
2013-01-06T00:00:00,0.0,,
2013-01-07T00:00:00,0.0,,
2013-01-08T00:00:00,0.0,,
2013-01-09T00:00:00,27.9,,
2013-01-10T00:00:00,29.0,,
2013-01-11T00:00:00,0.3,,
2013-01-12T00:00:00,0.0,,
2013-01-13T00:00:00,0.0,,
2013-01-14T00:00:00,0.0,,
2013-01-15T00:00:00,0.0,,
2013-01-16T00:00:00,0.0,,
2013-01-17T00:00:00,0.0,,
2013-01-18T00:00:00,0.0,,
2013-01-19T00:00:00,0.0,,
2013-01-20T00:00:00,0.0,,
2013-01-21T00:00:00,0.0,,
2013-01-22T00:00:00,0.0,,
2013-01-23T00:00:00,0.0,,
2013-01-24T00:00:00,0.0,,
2013-01-25T00:00:00,0.0,,
2013-01-26T00:00:00,0.0,,
2013-01-27T00:00:00,0.0,,
2013-01-28T00:00:00,0.0,,
2013-01-29T00:00:00,0.0,,
2013-01-30T00:00:00,0.0,,
2013-01-31T00:00:00,0.0,,
2013-02-01T00:00:00,0.0,,
2013-02-02T00:00:00,0.0,,
2013-02-03T00:00:00,0.0,,
2013-02-04T00:00:00,0.0,,
2013-02-05T00:00:00,0.0,,
2013-02-06T00:00:00,0.0,,
2013-02-07T00:00:00,0.5,,
2013-02-08T00:00:00,0.0,,
2013-02-09T00:00:00,0.0,,
2013-02-10T00:00:00,0.0,,
2013-02-11T00:00:00,0.5,,
2013-02-12T00:00:00,0.0,,
2013-02-13T00:00:00,0.0,,
2013-02-14T00:00:00,0.0,,
2013-02-15T00:00:00,0.0,,
2013-02-16T00:00:00,0.0,,
2013-02-17T00:00:00,0.0,,
2013-02-18T00:00:00,0.0,,
2013-02-19T00:00:00,0.0,,
2013-02-20T00:00:00,0.0,,
2013-02-21T00:00:00,0.0,,
2013-02-22T00:00:00,0.0,,
2013-02-23T00:00:00,0.0,,
2013-02-24T00:00:00,0.0,,
2013-02-25T00:00:00,0.0,,
2013-02-26T00:00:00,0.0,,
2013-02-27T00:00:00,0.0,,
2013-02-28T00:00:00,0.0,,
2013-03-01T00:00:00,0.0,,
2013-03-02T00:00:00,0.0,,
2013-03-03T00:00:00,0.0,,
2013-03-04T00:00:00,0.0,,
2013-03-05T00:00:00,0.0,,
2013-03-06T00:00:00,0.0,,
2013-03-07T00:00:00,0.0,,
2013-03-08T00:00:00,0.0,,
2013-03-09T00:00:00,0.0,,
2013-03-10T00:00:00,0.0,,
2013-03-11T00:00:00,0.0,,
2013-03-12T00:00:00,0.0,,
2013-03-13T00:00:00,0.0,,
2013-03-14T00:00:00,0.0,,
2013-03-15T00:00:00,0.0,,
2013-03-16T00:00:00,0.0,,
2013-03-17T00:00:00,0.0,,
2013-03-18T00:00:00,0.0,,
2013-03-19T00:00:00,0.0,,
2013-03-20T00:00:00,0.0,,
2013-03-21T00:00:00,0.0,,
2013-03-22T00:00:00,0.0,,
2013-03-23T00:00:00,0.0,,
2013-03-24T00:00:00,0.0,,
2013-03-25T00:00:00,0.0,,
2013-03-26T00:00:00,0.0,,
2013-03-27T00:00:00,0.0,,
2013-03-28T00:00:00,0.0,,
2013-03-29T00:00:00,0.0,,
2013-03-30T00:00:00,0.0,,
2013-03-31T00:00:00,0.0,,
2013-04-01T00:00:00,0.0,,
2013-04-02T00:00:00,3.3,,
2013-04-03T00:00:00,0.0,,
2013-04-04T00:00:00,0.0,,
2013-04-05T00:00:00,0.0,,
2013-04-06T00:00:00,0.0,,
2013-04-07T00:00:00,0.0,,
2013-04-08T00:00:00,0.0,,
2013-04-09T00:00:00,0.0,,
2013-04-10T00:00:00,0.0,,
2013-04-11T00:00:00,0.0,,
2013-04-12T00:00:00,0.0,,
2013-04-13T00:00:00,0.0,,
2013-04-14T00:00:00,0.0,,
2013-04-15T00:00:00,0.0,,
2013-04-16T00:00:00,0.0,,
2013-04-17T00:00:00,0.0,,
2013-04-18T00:00:00,2.5,,
2013-04-19T00:00:00,0.0,,
2013-04-20T00:00:00,0.0,,
2013-04-21T00:00:00,0.0,,
2013-04-22T00:00:00,0.0,,
2013-04-23T00:00:00,0.0,,
2013-04-24T00:00:00,0.0,,
2013-04-25T00:00:00,0.0,,
2013-04-26T00:00:00,0.0,,
2013-04-27T00:00:00,0.0,,
2013-04-28T00:00:00,1.3,,
2013-04-29T00:00:00,19.3,,
2013-04-30T00:00:00,0.0,,
2013-05-01T00:00:00,0.0,,
2013-05-02T00:00:00,0.0,,
2013-05-03T00:00:00,0.0,,
2013-05-04T00:00:00,0.0,,
2013-05-05T00:00:00,0.0,,
2013-05-06T00:00:00,0.0,,
2013-05-07T00:00:00,0.0,,
2013-05-08T00:00:00,0.0,,
2013-05-09T00:00:00,0.0,,
2013-05-10T00:00:00,2.5,,
2013-05-11T00:00:00,0.0,,
2013-05-12T00:00:00,0.0,,
2013-05-13T00:00:00,0.0,,
2013-05-14T00:00:00,0.0,,
2013-05-15T00:00:00,10.2,,
2013-05-16T00:00:00,0.0,,
2013-05-17T00:00:00,0.0,,
2013-05-18T00:00:00,0.0,,
2013-05-19T00:00:00,0.0,,
2013-05-20T00:00:00,0.0,,
2013-05-21T00:00:00,0.0,,
2013-05-22T00:00:00,0.0,,
2013-05-23T00:00:00,0.0,,
2013-05-24T00:00:00,27.7,,
2013-05-25T00:00:00,0.0,,
2013-05-26T00:00:00,0.0,,
2013-05-27T00:00:00,0.0,,
2013-05-28T00:00:00,0.0,,
2013-05-29T00:00:00,5.3,,
2013-05-30T00:00:00,0.0,,
2013-05-31T00:00:00,0.0,,
2013-06-01T00:00:00,0.0,,
2013-06-02T00:00:00,0.0,,
2013-06-03T00:00:00,0.0,,
2013-06-04T00:00:00,0.0,,
2013-06-05T00:00:00,0.0,,
2013-06-06T00:00:00,0.3,,
2013-06-07T00:00:00,0.0,,
2013-06-08T00:00:00,0.0,,
2013-06-09T00:00:00,0.0,,
2013-06-10T00:00:00,0.0,,
2013-06-11T00:00:00,0.0,,
2013-06-12T00:00:00,0.0,,
2013-06-13T00:00:00,0.0,,
2013-06-14T00:00:00,25.1,,
2013-06-15T00:00:00,4.8,,
2013-06-16T00:00:00,0.0,,
2013-06-17T00:00:00,0.3,,
2013-06-18T00:00:00,0.0,,
2013-06-19T00:00:00,0.0,,
2013-06-20T00:00:00,0.0,,
2013-06-21T00:00:00,0.0,,
2013-06-22T00:00:00,0.0,,
2013-06-23T00:00:00,0.0,,
2013-06-24T00:00:00,0.0,,
2013-06-25T00:00:00,0.0,,
2013-06-26T00:00:00,0.0,,
2013-06-27T00:00:00,0.0,,
2013-06-28T00:00:00,0.0,,
2013-06-29T00:00:00,0.0,,
2013-06-30T00:00:00,0.8,,
2013-07-01T00:00:00,0.0,,
2013-07-02T00:00:00,1.3,,
2013-07-03T00:00:00,0.0,,
2013-07-04T00:00:00,0.0,,
2013-07-05T00:00:00,0.0,,
2013-07-06T00:00:00,0.0,,
2013-07-07T00:00:00,0.0,,
2013-07-08T00:00:00,0.0,,
2013-07-09T00:00:00,0.0,,
2013-07-10T00:00:00,0.0,,
2013-07-11T00:00:00,0.0,,
2013-07-12T00:00:00,0.0,,
2013-07-13T00:00:00,0.0,,
2013-07-14T00:00:00,0.0,,
2013-07-15T00:00:00,0.0,,
2013-07-16T00:00:00,58.7,,
2013-07-17T00:00:00,10.7,,
2013-07-18T00:00:00,12.2,,
2013-07-19T00:00:00,0.0,,
2013-07-20T00:00:00,0.0,,
2013-07-21T00:00:00,0.0,,
2013-07-22T00:00:00,0.0,,
2013-07-23T00:00:00,0.0,,
2013-07-24T00:00:00,0.0,,
2013-07-25T00:00:00,0.0,,
2013-07-26T00:00:00,0.0,,
2013-07-27T00:00:00,0.0,,
2013-07-28T00:00:00,0.0,,
2013-07-29T00:00:00,0.0,,
2013-07-30T00:00:00,0.0,,
2013-07-31T00:00:00,0.0,,
2013-08-01T00:00:00,0.0,,
2013-08-02T00:00:00,0.0,,
2013-08-03T00:00:00,0.0,,
2013-08-04T00:00:00,0.0,,
2013-08-05T00:00:00,0.0,,
2013-08-06T00:00:00,0.0,,
2013-08-07T00:00:00,0.0,,
2013-08-08T00:00:00,0.0,,
2013-08-09T00:00:00,0.0,,
2013-08-10T00:00:00,0.0,,
2013-08-11T00:00:00,0.0,,
2013-08-12T00:00:00,0.5,,
2013-08-13T00:00:00,0.0,,
2013-08-14T00:00:00,0.0,,
2013-08-15T00:00:00,0.0,,
2013-08-16T00:00:00,0.0,,
2013-08-17T00:00:00,0.0,,
2013-08-18T00:00:00,0.0,,
2013-08-19T00:00:00,0.0,,
2013-08-20T00:00:00,0.0,,
2013-08-21T00:00:00,0.0,,
2013-08-22T00:00:00,0.0,,
2013-08-23T00:00:00,0.0,,
2013-08-24T00:00:00,0.0,,
2013-08-25T00:00:00,3.3,,
2013-08-26T00:00:00,0.0,,
2013-08-27T00:00:00,1.3,,
2013-08-28T00:00:00,0.0,,
2013-08-29T00:00:00,0.0,,
2013-08-30T00:00:00,0.0,,
2013-08-31T00:00:00,0.0,,
2013-09-01T00:00:00,0.0,,
2013-09-02T00:00:00,0.0,,
2013-09-03T00:00:00,0.8,,
2013-09-04T00:00:00,0.0,,
2013-09-05T00:00:00,0.0,,
2013-09-06T00:00:00,0.0,,
2013-09-07T00:00:00,0.0,,
2013-09-08T00:00:00,0.0,,
2013-09-09T00:00:00,0.0,,
2013-09-10T00:00:00,0.0,,
2013-09-11T00:00:00,0.8,,
2013-09-12T00:00:00,0.0,,
2013-09-13T00:00:00,0.0,,
2013-09-14T00:00:00,0.0,,
2013-09-15T00:00:00,0.0,,
2013-09-16T00:00:00,0.0,,
2013-09-17T00:00:00,5.1,,
2013-09-18T00:00:00,10.7,,
2013-09-19T00:00:00,5.1,,
2013-09-20T00:00:00,115.3,,
2013-09-21T00:00:00,10.2,,
2013-09-22T00:00:00,0.0,,
2013-09-23T00:00:00,0.0,,
2013-09-24T00:00:00,0.0,,
2013-09-25T00:00:00,0.0,,
2013-09-26T00:00:00,0.0,,
2013-09-27T00:00:00,0.0,,
2013-09-28T00:00:00,0.0,,
2013-09-29T00:00:00,1.8,,
2013-09-30T00:00:00,0.0,,
2013-10-01T00:00:00,0.0,,
2013-10-02T00:00:00,0.0,,
2013-10-03T00:00:00,0.0,,
2013-10-04T00:00:00,0.0,,
2013-10-05T00:00:00,0.0,,
2013-10-06T00:00:00,0.0,,
2013-10-07T00:00:00,0.0,,
2013-10-08T00:00:00,0.0,,
2013-10-09T00:00:00,0.0,,
2013-10-10T00:00:00,0.0,,
2013-10-11T00:00:00,0.0,,
2013-10-12T00:00:00,0.0,,
2013-10-13T00:00:00,0.0,,
2013-10-14T00:00:00,20.6,,
2013-10-15T00:00:00,7.9,,
2013-10-16T00:00:00,33.3,,
2013-10-17T00:00:00,0.8,,
2013-10-18T00:00:00,0.0,,
2013-10-19T00:00:00,0.0,,
2013-10-20T00:00:00,0.0,,
2013-10-21T00:00:00,0.0,,
2013-10-22T00:00:00,0.0,,
2013-10-23T00:00:00,0.0,,
2013-10-24T00:00:00,0.0,,
2013-10-25T00:00:00,0.0,,
2013-10-26T00:00:00,0.0,,
2013-10-27T00:00:00,0.0,,
2013-10-28T00:00:00,0.0,,
2013-10-29T00:00:00,0.0,,
2013-10-30T00:00:00,0.0,,
2013-10-31T00:00:00,0.5,,
2013-11-01T00:00:00,0.0,,
2013-11-02T00:00:00,0.0,,
2013-11-03T00:00:00,0.0,,
2013-11-04T00:00:00,3.8,,
2013-11-05T00:00:00,0.5,,
2013-11-06T00:00:00,0.5,,
2013-11-07T00:00:00,0.0,,
2013-11-08T00:00:00,0.0,,
2013-11-09T00:00:00,3.8,,
2013-11-10T00:00:00,0.0,,
2013-11-11T00:00:00,0.0,,
2013-11-12T00:00:00,2.3,,
2013-11-13T00:00:00,5.8,,
2013-11-14T00:00:00,0.0,,
2013-11-15T00:00:00,0.0,,
2013-11-16T00:00:00,0.0,,
2013-11-17T00:00:00,0.0,,
2013-11-18T00:00:00,0.0,,
2013-11-19T00:00:00,0.0,,
2013-11-20T00:00:00,0.0,,
2013-11-21T00:00:00,0.0,,
2013-11-22T00:00:00,0.0,,
2013-11-23T00:00:00,0.0,,
2013-11-25T00:00:00,0.0,,
2013-11-26T00:00:00,0.0,,
2013-11-27T00:00:00,0.0,,
2013-11-28T00:00:00,0.0,,
2013-11-29T00:00:00,0.0,,
2013-11-30T00:00:00,0.0,,
2013-12-01T00:00:00,0.0,,
2013-12-02T00:00:00,0.0,,
2013-12-03T00:00:00,0.0,,
2013-12-04T00:00:00,0.0,,
2013-12-06T00:00:00,2.0,,
2013-12-07T00:00:00,0.0,,
2013-12-08T00:00:00,0.0,,
2013-12-09T00:00:00,0.0,,
2013-12-10T00:00:00,0.3,,
2013-12-11T00:00:00,0.0,,
2013-12-12T00:00:00,0.0,,
2013-12-13T00:00:00,0.5,,
2013-12-14T00:00:00,0.0,,
2013-12-15T00:00:00,0.0,,
2013-12-16T00:00:00,0.0,,
2013-12-17T00:00:00,0.0,,
2013-12-18T00:00:00,0.0,,
2013-12-19T00:00:00,0.0,,
2013-12-20T00:00:00,0.0,,
2013-12-21T00:00:00,3.3,,
2013-12-22T00:00:00,0.0,,
2013-12-23T00:00:00,0.0,,
2013-12-24T00:00:00,0.0,,
2013-12-25T00:00:00,0.0,,
2013-12-26T00:00:00,0.0,,
2013-12-27T00:00:00,1.8,,
2013-12-28T00:00:00,3.0,,
2013-12-29T00:00:00,0.0,,
2013-12-30T00:00:00,0.0,,
2013-12-31T00:00:00,0.0,,
2014-01-01T00:00:00,0.0,,
2014-01-02T00:00:00,0.0,,
2014-01-03T00:00:00,0.0,,
2014-01-04T00:00:00,0.0,,
2014-01-05T00:00:00,0.0,,
2014-01-06T00:00:00,0.0,,
2014-01-07T00:00:00,0.0,,
2014-01-08T00:00:00,0.0,,
2014-01-09T00:00:00,0.3,,
2014-01-10T00:00:00,0.0,,
2014-01-11T00:00:00,0.0,,
2014-01-12T00:00:00,0.0,,
2014-01-13T00:00:00,0.0,,
2014-01-14T00:00:00,0.0,,
2014-01-15T00:00:00,0.0,,
2014-01-16T00:00:00,0.0,,
2014-01-17T00:00:00,0.0,,
2014-01-18T00:00:00,0.0,,
2014-01-20T00:00:00,0.0,,
2014-01-21T00:00:00,0.0,,
2014-01-22T00:00:00,0.0,,
2014-01-23T00:00:00,0.0,,
2014-01-24T00:00:00,0.0,,
2014-01-25T00:00:00,0.0,,
2014-01-26T00:00:00,0.0,,
2014-01-27T00:00:00,0.0,,
2014-01-28T00:00:00,0.0,,
2014-01-29T00:00:00,0.0,,
2014-01-30T00:00:00,0.0,,
2014-01-31T00:00:00,0.0,,
2014-02-01T00:00:00,0.0,,
2014-02-02T00:00:00,0.0,,
2014-02-03T00:00:00,0.0,,
2014-02-04T00:00:00,0.0,,
2014-02-05T00:00:00,0.0,,
2014-02-06T00:00:00,0.0,,
2014-02-07T00:00:00,0.0,,
2014-02-08T00:00:00,0.0,,
2014-02-11T00:00:00,0.0,,
2014-02-12T00:00:00,0.0,,
2014-02-13T00:00:00,0.0,,
2014-02-14T00:00:00,0.0,,
2014-02-15T00:00:00,0.0,,
2014-02-16T00:00:00,0.0,,
2014-02-17T00:00:00,0.0,,
2014-02-18T00:00:00,0.0,,
2014-02-19T00:00:00,0.0,,
2014-02-20T00:00:00,0.0,,
2014-02-21T00:00:00,0.0,,
2014-02-23T00:00:00,0.0,,
2014-02-24T00:00:00,0.0,,
2014-02-25T00:00:00,0.0,,
2014-02-26T00:00:00,2.3,,
2014-02-27T00:00:00,0.5,,
2014-02-28T00:00:00,0.0,,
2014-03-01T00:00:00,0.0,,
2014-03-02T00:00:00,0.0,,
2014-03-03T00:00:00,0.0,,
2014-03-04T00:00:00,0.0,,
2014-03-05T00:00:00,0.0,,
2014-03-06T00:00:00,0.0,,
2014-03-07T00:00:00,0.0,,
2014-03-08T00:00:00,0.0,,
2014-03-09T00:00:00,0.5,,
2014-03-10T00:00:00,7.6,,
2014-03-11T00:00:00,1.3,,
2014-03-12T00:00:00,0.0,,
2014-03-13T00:00:00,0.0,,
2014-03-14T00:00:00,0.0,,
2014-03-15T00:00:00,0.0,,
2014-03-16T00:00:00,0.0,,
2014-03-17T00:00:00,0.0,,
2014-03-18T00:00:00,0.0,,
2014-03-19T00:00:00,0.0,,
2014-03-20T00:00:00,0.0,,
2014-03-21T00:00:00,0.0,,
2014-03-22T00:00:00,0.0,,
2014-03-23T00:00:00,0.0,,
2014-03-24T00:00:00,0.0,,
2014-03-25T00:00:00,0.0,,
2014-03-26T00:00:00,0.0,,
2014-03-27T00:00:00,1.0,,
2014-03-30T00:00:00,0.0,,
2014-03-31T00:00:00,0.0,,
2014-04-01T00:00:00,0.0,,
2014-04-02T00:00:00,0.0,,
2014-04-03T00:00:00,0.0,,
2014-04-04T00:00:00,0.0,,
2014-04-05T00:00:00,0.0,,
2014-04-06T00:00:00,0.0,,
2014-04-07T00:00:00,0.0,,
2014-04-08T00:00:00,0.0,,
2014-04-09T00:00:00,0.0,,
2014-04-10T00:00:00,0.0,,
2014-04-11T00:00:00,0.0,,
2014-04-12T00:00:00,0.0,,
2014-04-13T00:00:00,0.0,,
2014-04-14T00:00:00,0.0,,
2014-04-15T00:00:00,0.0,,
2014-04-16T00:00:00,0.0,,
2014-04-17T00:00:00,0.0,,
2014-04-18T00:00:00,0.0,,
2014-04-19T00:00:00,0.0,,
2014-04-20T00:00:00,0.8,,
2014-04-21T00:00:00,0.0,,
2014-04-22T00:00:00,0.0,,
2014-04-23T00:00:00,0.0,,
2014-04-24T00:00:00,0.0,,
2014-04-25T00:00:00,0.0,,
2014-04-26T00:00:00,0.0,,
2014-04-27T00:00:00,0.0,,
2014-04-28T00:00:00,0.0,,
2014-04-29T00:00:00,0.0,,
2014-04-30T00:00:00,0.0,,
2014-05-01T00:00:00,0.0,,
2014-05-02T00:00:00,0.0,,
2014-05-03T00:00:00,0.0,,
2014-05-04T00:00:00,0.0,,
2014-05-05T00:00:00,0.0,,
2014-05-06T00:00:00,0.0,,
2014-05-07T00:00:00,0.5,,
2014-05-09T00:00:00,3.6,,
2014-05-10T00:00:00,0.0,,
2014-05-13T00:00:00,7.4,,
2014-05-14T00:00:00,0.0,,
2014-05-15T00:00:00,0.0,,
2014-05-16T00:00:00,0.0,,
2014-05-17T00:00:00,0.0,,
2014-05-18T00:00:00,0.0,,
2014-05-19T00:00:00,0.0,,
2014-05-20T00:00:00,0.0,,
2014-05-22T00:00:00,0.0,,
2014-05-23T00:00:00,0.3,,
2014-05-24T00:00:00,0.3,,
2014-05-25T00:00:00,3.3,,
2014-05-26T00:00:00,5.8,,
2014-05-27T00:00:00,0.3,,
2014-05-28T00:00:00,0.0,,
2014-05-29T00:00:00,0.0,,
2014-05-30T00:00:00,0.0,,
2014-05-31T00:00:00,0.0,,
2014-06-01T00:00:00,0.0,,
2014-06-02T00:00:00,0.0,,
2014-06-03T00:00:00,0.0,,
2014-06-04T00:00:00,0.0,,
2014-06-05T00:00:00,0.0,,
2014-06-06T00:00:00,0.0,,
2014-06-07T00:00:00,0.0,,
2014-06-08T00:00:00,0.0,,
2014-06-09T00:00:00,0.0,,
2014-06-10T00:00:00,0.0,,
2014-06-11T00:00:00,0.0,,
2014-06-12T00:00:00,0.0,,
2014-06-13T00:00:00,0.0,,
2014-06-14T00:00:00,0.0,,
2014-06-15T00:00:00,0.0,,
2014-06-16T00:00:00,0.0,,
2014-06-17T00:00:00,0.0,,
2014-06-18T00:00:00,0.0,,
2014-06-19T00:00:00,0.0,,
2014-06-20T00:00:00,105.9,,
2014-06-21T00:00:00,6.6,,
2014-06-22T00:00:00,0.0,,
2014-06-23T00:00:00,0.0,,
2014-06-24T00:00:00,0.0,,
2014-06-25T00:00:00,0.0,,
2014-06-27T00:00:00,0.0,,
2014-06-28T00:00:00,1.8,,
2014-06-29T00:00:00,0.0,,
2014-06-30T00:00:00,0.0,,
2014-07-01T00:00:00,0.0,,
2014-07-02T00:00:00,0.0,,
2014-07-03T00:00:00,0.0,,
2014-07-04T00:00:00,0.0,,
2014-07-05T00:00:00,0.0,,
2014-07-06T00:00:00,0.0,,
2014-07-07T00:00:00,0.0,,
2014-07-08T00:00:00,0.0,,
2014-07-09T00:00:00,0.0,,
2014-07-10T00:00:00,0.0,,
2014-07-11T00:00:00,0.3,,
2014-07-12T00:00:00,13.5,,
2014-07-13T00:00:00,0.0,,
2014-07-14T00:00:00,0.0,,
2014-07-15T00:00:00,0.0,,
2014-07-16T00:00:00,0.0,,
2014-07-17T00:00:00,3.3,,
2014-07-18T00:00:00,0.3,,
2014-07-19T00:00:00,0.0,,
2014-07-20T00:00:00,0.0,,
2014-07-21T00:00:00,0.0,,
2014-07-22T00:00:00,0.0,,
2014-07-23T00:00:00,0.0,,
2014-07-24T00:00:00,0.0,,
2014-07-25T00:00:00,0.0,,
2014-07-26T00:00:00,0.0,,
2014-07-27T00:00:00,0.0,,
2014-07-28T00:00:00,0.0,,
2014-07-29T00:00:00,0.0,,
2014-07-30T00:00:00,0.0,,
2014-07-31T00:00:00,0.0,,
2014-08-01T00:00:00,0.0,,
2014-08-02T00:00:00,0.8,,
2014-08-03T00:00:00,0.5,,
2014-08-04T00:00:00,0.0,,
2014-08-05T00:00:00,0.0,,
2014-08-06T00:00:00,0.0,,
2014-08-07T00:00:00,0.0,,
2014-08-08T00:00:00,0.0,,
2014-08-09T00:00:00,0.0,,
2014-08-13T00:00:00,18.8,,
2014-08-14T00:00:00,0.0,,
2014-08-15T00:00:00,0.0,,
2014-08-17T00:00:00,0.0,,
2014-08-18T00:00:00,17.8,,
2014-08-19T00:00:00,0.0,,
2014-08-20T00:00:00,0.0,,
2014-08-21T00:00:00,0.0,,
2014-08-22T00:00:00,0.0,,
2014-08-23T00:00:00,0.0,,
2014-08-24T00:00:00,0.0,,
2014-08-25T00:00:00,0.0,,
2014-08-26T00:00:00,0.0,,
2014-08-27T00:00:00,0.0,,
2014-08-28T00:00:00,0.0,,
2014-08-29T00:00:00,0.0,,
2014-08-31T00:00:00,0.0,,
2014-09-01T00:00:00,0.0,,
2014-09-02T00:00:00,0.0,,
2014-09-03T00:00:00,0.0,,
2014-09-04T00:00:00,14.2,,
2014-09-05T00:00:00,9.7,,
2014-09-06T00:00:00,12.4,,
2014-09-07T00:00:00,17.0,,
2014-09-08T00:00:00,0.0,,
2014-09-09T00:00:00,0.0,,
2014-09-10T00:00:00,0.0,,
2014-09-11T00:00:00,0.0,,
2014-09-12T00:00:00,0.0,,
2014-09-13T00:00:00,11.2,,
2014-09-14T00:00:00,1.5,,
2014-09-15T00:00:00,0.3,,
2014-09-16T00:00:00,0.0,,
2014-09-17T00:00:00,0.0,,
2014-09-18T00:00:00,0.0,,
2014-09-19T00:00:00,0.0,,
2014-09-20T00:00:00,0.0,,
2014-09-25T00:00:00,0.0,,
2014-09-26T00:00:00,9.7,,
2014-09-27T00:00:00,43.9,,
2014-09-28T00:00:00,8.1,,
2014-09-29T00:00:00,0.0,,
2014-09-30T00:00:00,0.0,,
2014-10-01T00:00:00,0.0,,
2014-10-02T00:00:00,0.0,,
2014-10-05T00:00:00,0.0,,
2014-10-06T00:00:00,0.0,,
2014-10-07T00:00:00,0.0,,
2014-10-08T00:00:00,0.0,,
2014-10-09T00:00:00,0.0,,
2014-10-10T00:00:00,0.0,,
2014-10-11T00:00:00,22.9,,
2014-10-12T00:00:00,0.0,,
2014-10-13T00:00:00,0.0,,
2014-10-14T00:00:00,0.0,,
2014-10-15T00:00:00,0.0,,
2014-10-16T00:00:00,0.0,,
2014-10-17T00:00:00,0.0,,
2014-10-18T00:00:00,0.0,,
2014-10-19T00:00:00,0.0,,
2014-10-20T00:00:00,0.0,,
2014-10-21T00:00:00,0.5,,
2014-10-22T00:00:00,1.5,,
2014-10-23T00:00:00,4.3,,
2014-10-24T00:00:00,0.3,,
2014-10-25T00:00:00,0.0,,
2014-10-26T00:00:00,0.0,,
2014-10-27T00:00:00,0.0,,
2014-10-28T00:00:00,0.0,,
2014-10-29T00:00:00,0.0,,
2014-10-30T00:00:00,0.0,,
2014-10-31T00:00:00,0.0,,
2014-11-01T00:00:00,0.0,,
2014-11-04T00:00:00,0.5,,
2014-11-05T00:00:00,40.9,,
2014-11-06T00:00:00,15.2,,
2014-11-07T00:00:00,2.3,,
2014-11-08T00:00:00,0.3,,
2014-11-10T00:00:00,0.0,,
2014-11-11T00:00:00,0.0,,
2014-11-12T00:00:00,0.0,,
2014-11-13T00:00:00,0.0,,
2014-11-14T00:00:00,0.0,,
2014-11-15T00:00:00,0.0,,
2014-11-17T00:00:00,0.0,,
2014-11-18T00:00:00,0.0,,
2014-11-19T00:00:00,0.0,,
2014-11-20T00:00:00,0.0,,
2014-11-22T00:00:00,0.5,,
2014-11-23T00:00:00,0.0,,
2014-11-24T00:00:00,0.0,,
2014-11-25T00:00:00,0.0,,
2014-11-26T00:00:00,0.0,,
2014-11-27T00:00:00,0.0,,
2014-11-28T00:00:00,0.0,,
2014-11-29T00:00:00,0.0,,
2014-11-30T00:00:00,0.0,,
2014-12-01T00:00:00,0.0,,
2014-12-02T00:00:00,0.0,,
2014-12-03T00:00:00,0.0,,
2014-12-04T00:00:00,0.0,,
2014-12-05T00:00:00,0.0,,
2014-12-06T00:00:00,0.0,,
2014-12-07T00:00:00,0.0,,
2014-12-08T00:00:00,0.0,,
2014-12-09T00:00:00,0.0,,
2014-12-10T00:00:00,0.5,,
2014-12-11T00:00:00,0.0,,
2014-12-12T00:00:00,0.8,,
2014-12-13T00:00:00,0.0,,
2014-12-14T00:00:00,0.0,,
2014-12-15T00:00:00,0.0,,
2014-12-16T00:00:00,0.5,,
2014-12-17T00:00:00,0.0,,
2014-12-18T00:00:00,0.0,,
2014-12-19T00:00:00,0.0,,
2014-12-20T00:00:00,0.0,,
2014-12-21T00:00:00,0.0,,
2014-12-22T00:00:00,0.0,,
2014-12-23T00:00:00,0.5,,
2014-12-24T00:00:00,0.8,,
2014-12-25T00:00:00,0.0,,
2014-12-26T00:00:00,0.0,,
2014-12-27T00:00:00,0.0,,
2014-12-28T00:00:00,0.0,,
2014-12-29T00:00:00,5.1,,
2014-12-30T00:00:00,0.3,,
2015-01-01T00:00:00,0.0,,
2015-01-02T00:00:00,1.3,,
2015-01-03T00:00:00,4.1,,
2015-01-04T00:00:00,0.0,,
2015-01-05T00:00:00,0.0,,
2015-01-06T00:00:00,0.0,,
2015-01-07T00:00:00,0.0,,
2015-01-08T00:00:00,0.0,,
2015-01-09T00:00:00,0.0,,
2015-01-10T00:00:00,2.8,,
2015-01-11T00:00:00,0.0,,
2015-01-12T00:00:00,1.0,,
2015-01-13T00:00:00,0.0,,
2015-01-14T00:00:00,0.0,,
2015-01-15T00:00:00,0.3,,
2015-01-16T00:00:00,0.0,,
2015-01-17T00:00:00,0.0,,
2015-01-18T00:00:00,0.0,,
2015-01-19T00:00:00,0.0,,
2015-01-20T00:00:00,0.0,,
2015-01-21T00:00:00,0.0,,
2015-01-22T00:00:00,1.0,,
2015-01-23T00:00:00,6.4,,
2015-01-24T00:00:00,0.3,,
2015-01-25T00:00:00,0.0,,
2015-01-26T00:00:00,0.0,,
2015-01-27T00:00:00,0.0,,
2015-01-28T00:00:00,0.0,,
2015-01-29T00:00:00,0.0,,
2015-01-30T00:00:00,0.0,,
2015-01-31T00:00:00,14.7,,
2015-02-03T00:00:00,1.8,,
2015-02-04T00:00:00,5.3,,
2015-02-05T00:00:00,0.3,,
2015-02-06T00:00:00,0.0,,
2015-02-07T00:00:00,0.0,,
2015-02-08T00:00:00,0.0,,
2015-02-09T00:00:00,0.3,,
2015-02-10T00:00:00,0.0,,
2015-02-11T00:00:00,0.0,,
2015-02-13T00:00:00,0.5,,
2015-02-14T00:00:00,0.0,,
2015-02-18T00:00:00,0.0,,
2015-02-19T00:00:00,0.0,,
2015-02-27T00:00:00,0.3,,
2015-02-28T00:00:00,0.8,,
2015-03-01T00:00:00,0.8,,
2015-03-02T00:00:00,0.3,,
2015-03-03T00:00:00,0.0,,
2015-03-04T00:00:00,0.0,,
2015-03-05T00:00:00,8.4,,
2015-03-06T00:00:00,0.3,,
2015-03-07T00:00:00,0.0,,
2015-03-10T00:00:00,1.8,,
2015-03-11T00:00:00,0.0,,
2015-03-12T00:00:00,0.0,,
2015-03-17T00:00:00,0.0,,
2015-03-18T00:00:00,0.3,,
2015-03-20T00:00:00,0.5,,
2015-03-21T00:00:00,15.5,,
2015-03-22T00:00:00,17.8,,
2015-03-24T00:00:00,0.5,,
2015-03-26T00:00:00,0.0,,
2015-03-27T00:00:00,0.0,,
2015-04-08T00:00:00,0.0,,
2015-04-09T00:00:00,3.8,,
2015-04-11T00:00:00,0.3,,
2015-04-12T00:00:00,8.6,,
2015-04-13T00:00:00,14.0,,
2015-04-14T00:00:00,0.5,,
2015-04-16T00:00:00,0.8,,
2015-04-17T00:00:00,0.0,,
2015-04-18T00:00:00,1.8,,
2015-04-19T00:00:00,0.0,,
2015-04-20T00:00:00,0.0,,
2015-04-21T00:00:00,0.0,,
2015-04-22T00:00:00,0.0,,
2015-04-23T00:00:00,0.0,,
2015-04-24T00:00:00,19.1,,
2015-04-25T00:00:00,0.3,,
2015-04-27T00:00:00,0.3,,
2015-04-28T00:00:00,0.0,,
2015-04-29T00:00:00,0.0,,
2015-04-30T00:00:00,0.0,,
2015-05-01T00:00:00,0.0,,
2015-05-02T00:00:00,0.0,,
2015-05-03T00:00:00,0.0,,
2015-05-04T00:00:00,0.0,,
2015-05-05T00:00:00,1.3,,
2015-05-06T00:00:00,0.0,,
2015-05-07T00:00:00,0.0,,
2015-05-08T00:00:00,0.0,,
2015-05-09T00:00:00,0.3,,
2015-05-10T00:00:00,0.0,,
2015-05-11T00:00:00,0.0,,
2015-05-12T00:00:00,36.8,,
2015-05-13T00:00:00,5.1,,
2015-05-14T00:00:00,1.3,,
2015-05-15T00:00:00,0.3,,
2015-05-17T00:00:00,0.0,,
2015-05-18T00:00:00,0.0,,
2015-05-19T00:00:00,0.0,,
2015-05-21T00:00:00,0.0,,
2015-05-22T00:00:00,2.5,,
2015-05-23T00:00:00,0.8,,
2015-05-24T00:00:00,15.2,,
2015-05-25T00:00:00,0.5,,
2015-05-28T00:00:00,0.0,,
2015-05-29T00:00:00,37.8,,
2015-05-31T00:00:00,41.9,,
2015-06-01T00:00:00,0.0,,
2015-06-02T00:00:00,0.0,,
2015-06-03T00:00:00,0.0,,
2015-06-04T00:00:00,0.0,,
2015-06-05T00:00:00,0.0,,
2015-06-06T00:00:00,0.0,,
2015-06-07T00:00:00,0.0,,
2015-06-08T00:00:00,0.0,,
2015-06-09T00:00:00,0.0,,
2015-06-10T00:00:00,0.0,,
2015-06-11T00:00:00,0.0,,
2015-06-12T00:00:00,0.0,,
2015-06-13T00:00:00,7.6,,
2015-06-14T00:00:00,38.1,,
2015-06-15T00:00:00,0.5,,
2015-06-16T00:00:00,0.0,,
2015-06-17T00:00:00,15.2,,
2015-06-18T00:00:00,2.5,,
2015-06-19T00:00:00,0.0,,
2015-06-20T00:00:00,0.0,,
2015-06-21T00:00:00,0.0,,
2015-06-22T00:00:00,0.0,,
2015-06-23T00:00:00,0.0,,
2015-06-24T00:00:00,0.5,,
2015-06-25T00:00:00,0.0,,
2015-06-26T00:00:00,0.0,,
2015-06-27T00:00:00,14.7,,
2015-06-28T00:00:00,0.0,,
2015-06-29T00:00:00,0.0,,
2015-06-30T00:00:00,0.0,,
2015-07-01T00:00:00,0.0,,
2015-07-02T00:00:00,0.0,,
2015-07-03T00:00:00,0.0,,
2015-07-04T00:00:00,0.0,,
2015-07-05T00:00:00,0.0,,
2015-07-06T00:00:00,0.0,,
2015-07-07T00:00:00,0.0,,
2015-07-08T00:00:00,0.0,,
2015-07-09T00:00:00,0.0,,
2015-07-10T00:00:00,0.0,,
2015-07-11T00:00:00,0.0,,
2015-07-12T00:00:00,0.0,,
2015-07-13T00:00:00,0.0,,
2015-07-14T00:00:00,0.0,,
2015-07-15T00:00:00,0.0,,
2015-07-16T00:00:00,0.0,,
2015-07-17T00:00:00,0.0,,
2015-07-18T00:00:00,0.0,,
2015-07-19T00:00:00,0.0,,
2015-07-20T00:00:00,0.0,,
2015-07-21T00:00:00,0.0,,
2015-07-22T00:00:00,0.0,,
2015-07-23T00:00:00,0.0,,
2015-07-24T00:00:00,0.0,,
2015-07-25T00:00:00,0.0,,
2015-07-26T00:00:00,0.0,,
2015-07-27T00:00:00,0.0,,
2015-07-28T00:00:00,0.0,,
2015-07-29T00:00:00,0.0,,
2015-07-30T00:00:00,0.0,,
2015-07-31T00:00:00,0.0,,
2015-08-01T00:00:00,0.0,,
2015-08-02T00:00:00,0.0,,
2015-08-03T00:00:00,0.0,,
2015-08-04T00:00:00,0.0,,
2015-08-05T00:00:00,0.0,,
2015-08-06T00:00:00,0.0,,
2015-08-07T00:00:00,0.0,,
2015-08-08T00:00:00,0.0,,
2015-08-09T00:00:00,0.0,,
2015-08-10T00:00:00,0.0,,
2015-08-11T00:00:00,0.0,,
2015-08-12T00:00:00,0.0,,
2015-08-13T00:00:00,1.0,,
2015-08-14T00:00:00,0.0,,
2015-08-15T00:00:00,0.5,,
2015-08-16T00:00:00,0.0,,
2015-08-17T00:00:00,0.0,,
2015-08-21T00:00:00,6.4,,
2015-09-08T00:00:00,0.0,,
2015-09-09T00:00:00,0.0,,
2015-09-10T00:00:00,0.3,,
2015-09-11T00:00:00,0.0,,
2015-09-12T00:00:00,2.0,,
2015-09-13T00:00:00,0.0,,
2015-09-14T00:00:00,0.0,,
2015-09-15T00:00:00,0.0,,
2015-09-16T00:00:00,0.0,,
2015-09-17T00:00:00,0.0,,
2015-09-18T00:00:00,0.0,,
2015-09-19T00:00:00,0.0,,
2015-09-20T00:00:00,0.0,,
2015-09-21T00:00:00,0.0,,
2015-09-22T00:00:00,0.0,,
2015-09-23T00:00:00,0.0,,
2015-09-24T00:00:00,0.0,,
2015-09-25T00:00:00,0.0,,
2015-09-26T00:00:00,0.0,,
2015-09-27T00:00:00,0.0,,
2015-09-28T00:00:00,0.0,,
2015-09-29T00:00:00,0.0,,
2015-09-30T00:00:00,0.0,,
2015-10-01T00:00:00,0.0,,
2015-10-02T00:00:00,0.0,,
2015-10-03T00:00:00,0.0,,
2015-10-04T00:00:00,0.0,,
2015-10-05T00:00:00,0.0,,
2015-10-06T00:00:00,0.8,,
2015-10-07T00:00:00,0.0,,
2015-10-08T00:00:00,0.0,,
2015-10-09T00:00:00,50.8,,
2015-10-10T00:00:00,0.0,,
2015-10-11T00:00:00,0.0,,
2015-10-12T00:00:00,0.0,,
2015-10-13T00:00:00,0.0,,
2015-10-14T00:00:00,0.0,,
2015-10-15T00:00:00,0.0,,
2015-10-16T00:00:00,0.0,,
2015-10-17T00:00:00,0.0,,
2015-10-18T00:00:00,0.0,,
2015-10-19T00:00:00,0.0,,
2015-10-20T00:00:00,0.0,,
2015-10-21T00:00:00,0.0,,
2015-10-22T00:00:00,1.0,,
2015-10-23T00:00:00,0.0,,
2015-10-24T00:00:00,74.9,,
2015-10-25T00:00:00,12.7,,
2015-10-26T00:00:00,0.0,,
2015-10-27T00:00:00,0.0,,
2015-10-28T00:00:00,0.0,,
2015-10-29T00:00:00,0.0,,
2015-10-30T00:00:00,0.5,,
2015-10-31T00:00:00,26.2,,
2015-11-01T00:00:00,0.0,,
2015-11-02T00:00:00,0.0,,
2015-11-03T00:00:00,0.0,,
2015-11-04T00:00:00,0.0,,
2015-11-05T00:00:00,0.0,,
2015-11-06T00:00:00,0.0,,
2015-11-07T00:00:00,0.5,,
2015-11-08T00:00:00,0.0,,
2015-11-09T00:00:00,0.0,,
2015-11-10T00:00:00,0.0,,
2015-11-11T00:00:00,0.0,,
2015-11-12T00:00:00,0.0,,
2015-11-13T00:00:00,0.0,,
2015-11-14T00:00:00,0.5,,
2015-11-15T00:00:00,0.0,,
2015-11-16T00:00:00,0.0,,
2015-11-17T00:00:00,0.0,,
2015-11-18T00:00:00,0.0,,
2015-11-19T00:00:00,0.0,,
2015-11-20T00:00:00,0.0,,
2015-11-21T00:00:00,0.0,,
2015-11-22T00:00:00,0.0,,
2015-11-23T00:00:00,0.0,,
2015-11-24T00:00:00,0.0,,
2015-11-25T00:00:00,0.0,,
2015-11-26T00:00:00,0.5,,
2015-11-27T00:00:00,3.8,,
2015-11-28T00:00:00,1.3,,
2015-12-13T00:00:00,11.4,,
2015-12-26T00:00:00,0.0,,
2015-12-27T00:00:00,0.5,,
2015-12-28T00:00:00,3.3,,
2016-01-01T00:00:00,0.0,,
2016-01-02T00:00:00,1.3,,
2016-01-27T00:00:00,7.6,,
2016-02-22T00:00:00,2.0,,
2016-03-04T00:00:00,5.3,,
2016-03-08T00:00:00,10.4,,
2016-03-09T00:00:00,10.7,,
2016-03-10T00:00:00,8.1,,
2016-03-11T00:00:00,35.3,,
2016-03-12T00:00:00,14.7,,
2016-03-19T00:00:00,0.5,,
2016-03-21T00:00:00,13.7,,
2016-04-13T00:00:00,4.6,,
2016-04-17T00:00:00,31.8,,
2016-04-18T00:00:00,5.3,,
2016-04-19T00:00:00,1.5,,
2016-04-24T00:00:00,5.1,,
2016-05-08T00:00:00,0.5,,
2016-05-16T00:00:00,10.7,,
2016-05-17T00:00:00,4.3,,
2016-05-18T00:00:00,4.8,,
2016-05-19T00:00:00,14.2,,
2016-05-27T00:00:00,17.8,,
2016-06-01T00:00:00,2.0,,
2016-06-02T00:00:00,10.2,,
2016-06-20T00:00:00,6.4,,
2016-06-26T00:00:00,50.8,,
2016-06-29T00:00:00,31.8,,
2016-07-27T00:00:00,7.6,,
2016-08-13T00:00:00,7.6,,
2016-08-14T00:00:00,1.3,,
2016-08-15T00:00:00,7.6,,
2016-08-17T00:00:00,19.1,,
2016-08-18T00:00:00,9.4,,
2016-08-19T00:00:00,0.8,,
2016-08-20T00:00:00,10.2,,
2016-08-21T00:00:00,10.2,,
2016-08-30T00:00:00,5.1,,
2016-09-02T00:00:00,1.5,,
2016-09-03T00:00:00,0.5,,
2016-09-13T00:00:00,21.3,,
2016-09-25T00:00:00,31.8,,
2016-09-26T00:00:00,31.8,,
2016-11-04T00:00:00,17.8,,
2016-11-05T00:00:00,2.5,,
2016-11-06T00:00:00,0.3,,
2016-11-08T00:00:00,0.3,,
2016-11-09T00:00:00,3.0,,
2016-11-10T00:00:00,7.1,,
2016-11-11T00:00:00,5.1,,
2016-11-12T00:00:00,0.3,,
2016-11-27T00:00:00,0.8,,
2016-12-04T00:00:00,6.1,,
2016-12-05T00:00:00,44.5,,
2016-12-06T00:00:00,0.3,,
2016-12-17T00:00:00,1.5,,
2016-12-24T00:00:00,3.0,,
2016-12-25T00:00:00,0.3,,
2016-12-28T00:00:00,0.3,,
2016-12-31T00:00:00,1.0,,
2017-01-13T00:00:00,0.3,,
2017-01-14T00:00:00,0.0,,
2017-01-16T00:00:00,1.0,,
2017-01-18T00:00:00,1.0,,
2017-01-28T00:00:00,0.8,,
2017-02-05T00:00:00,0.3,,
2017-02-14T00:00:00,15.2,,
2017-02-17T00:00:00,3.8,,
2017-03-05T00:00:00,2.5,,
2017-03-06T00:00:00,0.5,,
2017-03-29T00:00:00,22.9,,
2017-04-02T00:00:00,87.6,,
2017-04-13T00:00:00,73.7,,
2017-04-17T00:00:00,1.0,,
2017-05-22T00:00:00,44.5,,
2017-05-24T00:00:00,1.0,,
2017-05-31T00:00:00,13.7,,
2017-06-02T00:00:00,1.8,,
2017-06-03T00:00:00,20.3,,
2017-06-24T00:00:00,8.9,,
2017-07-14T00:00:00,88.9,,
2017-07-17T00:00:00,18.0,,
2017-08-23T00:00:00,2.5,,
2017-08-28T00:00:00,3.8,,
2017-09-06T00:00:00,12.2,,
2017-09-18T00:00:00,0.3,,
2017-09-20T00:00:00,3.0,,
2017-09-25T00:00:00,25.4,,
2017-09-26T00:00:00,2.0,,
2017-09-27T00:00:00,26.4,,
2017-09-28T00:00:00,25.7,,
2017-09-29T00:00:00,19.8,,
2017-09-30T00:00:00,18.0,,
2017-10-01T00:00:00,27.9,,
2017-10-02T00:00:00,0.0,,
2017-10-04T00:00:00,9.1,,
2017-10-05T00:00:00,1.3,,
2017-10-06T00:00:00,0.8,,
2017-10-08T00:00:00,0.5,,
2017-12-07T00:00:00,27.4,,
2017-12-08T00:00:00,2.3,,
2017-12-18T00:00:00,1.0,,
2017-12-19T00:00:00,0.8,,
2018-02-03T00:00:00,0.3,,
2018-02-07T00:00:00,0.5,,
2018-02-08T00:00:00,0.3,,
2018-05-03T00:00:00,5.1,,
2018-05-04T00:00:00,7.1,,
2018-05-05T00:00:00,0.0,,
2018-05-15T00:00:00,1.5,,
2018-05-18T00:00:00,0.0,,
2018-05-20T00:00:00,0.0,,
2018-05-21T00:00:00,5.1,,
2018-06-11T00:00:00,0.0,,
2018-06-30T00:00:00,0.8,,
2018-07-05T00:00:00,2.5,,
2018-07-06T00:00:00,15.2,,
2018-07-07T00:00:00,30.5,,
2018-07-25T00:00:00,12.7,,
2018-07-31T00:00:00,30.5,,
2018-08-01T00:00:00,1.0,,
2019-01-12T00:00:00,4.1,,
2019-03-12T00:00:00,0.0,,
2019-03-13T00:00:00,10.4,,
2019-04-12T00:00:00,1.0,,
2019-04-18T00:00:00,5.1,,
2019-04-25T00:00:00,14.0,,
2019-05-01T00:00:00,0.0,,
2019-05-03T00:00:00,55.9,,
2019-05-04T00:00:00,0.3,,
2022-04-19T00:00:00,5.1,,
2022-04-26T00:00:00,38.1,,
2022-05-02T00:00:00,12.7,,
