lat,lon,model_et_mm,ssebop_et_mm,terraclimate_et_mm
36.0,-105.7,546.0,539.0,479.0
36.0,-105.60000000000001,536.0,556.0,482.0
35.9,-105.7,596.0,580.0,449.0
35.9,-105.60000000000001,587.0,555.0,483.0
35.8,-105.80000000000001,545.0,644.0,445.0
35.8,-105.7,567.0,555.0,414.0
35.8,-105.60000000000001,519.0,508.0,466.0
35.8,-105.5,554.0,693.0,429.0
35.8,-105.4,594.0,533.0,351.0
35.8,-105.30000000000001,364.0,341.0,331.0
35.7,-105.80000000000001,569.0,638.0,416.0
35.7,-105.7,416.0,502.0,386.0
35.7,-105.60000000000001,549.0,515.0,452.0
35.7,-105.5,661.0,682.0,369.0
35.7,-105.4,420.0,483.0,349.0
35.7,-105.30000000000001,407.0,410.0,308.0
35.7,-105.2,352.0,179.0,310.0
35.7,-105.10000000000001,355.0,161.0,312.0
35.6,-105.80000000000001,380.0,406.0,371.0
35.6,-105.7,408.0,408.0,335.0
35.6,-105.60000000000001,405.0,522.0,351.0
35.6,-105.5,423.0,590.0,357.0
35.6,-105.4,447.0,382.0,315.0
35.6,-105.30000000000001,411.0,322.0,301.0
35.6,-105.2,394.0,235.0,300.0
35.6,-105.10000000000001,357.0,204.0,312.0
35.5,-105.7,382.0,331.0,345.0
35.5,-105.60000000000001,386.0,370.0,303.0
35.5,-105.5,418.0,352.0,295.0
35.5,-105.4,414.0,440.0,284.0
35.5,-105.30000000000001,397.0,309.0,279.0
35.5,-105.2,401.0,398.0,288.0
35.5,-105.10000000000001,424.0,251.0,282.0
35.5,-105.0,393.0,245.0,280.0
35.5,-104.9,398.0,244.0,271.0
35.4,-105.80000000000001,305.0,246.0,323.0
35.4,-105.7,369.0,228.0,338.0
35.4,-105.60000000000001,415.0,366.0,331.0
35.4,-105.5,443.0,264.0,255.0
35.4,-105.4,377.0,320.0,257.0
35.4,-105.30000000000001,372.0,245.0,243.0
35.4,-105.2,388.0,246.0,248.0
35.4,-105.10000000000001,403.0,298.0,266.0
35.4,-105.0,404.0,201.0,263.0
35.4,-104.9,385.0,168.0,268.0
35.3,-105.80000000000001,329.0,167.0,306.0
35.3,-105.7,362.0,299.0,304.0
35.3,-105.60000000000001,419.0,333.0,295.0
35.3,-105.5,359.0,347.0,251.0
35.3,-105.4,392.0,300.0,234.0
35.3,-105.30000000000001,403.0,237.0,227.0
35.3,-105.2,387.0,225.0,234.0
35.3,-105.10000000000001,405.0,174.0,245.0
35.3,-105.0,393.0,167.0,249.0
35.3,-104.9,397.0,185.0,254.0
35.3,-104.80000000000001,345.0,209.0,263.0
35.2,-105.7,369.0,335.0,297.0
35.2,-105.60000000000001,358.0,325.0,270.0
35.2,-105.5,385.0,324.0,247.0
35.2,-105.4,365.0,201.0,222.0
35.2,-105.30000000000001,407.0,202.0,227.0
35.2,-105.2,431.0,254.0,235.0
35.2,-105.10000000000001,383.0,232.0,244.0
35.2,-105.0,407.0,243.0,256.0
35.2,-104.9,378.0,220.0,260.0
35.2,-104.80000000000001,351.0,213.0,263.0
35.2,-104.7,345.0,213.0,259.0
35.1,-105.7,350.0,248.0,280.0
35.1,-105.60000000000001,345.0,266.0,261.0
35.1,-105.5,346.0,210.0,242.0
35.1,-105.4,360.0,183.0,231.0
35.1,-105.30000000000001,372.0,201.0,228.0
35.1,-105.2,371.0,192.0,235.0
35.1,-105.10000000000001,451.0,183.0,244.0
35.1,-105.0,399.0,172.0,261.0
35.1,-104.9,342.0,207.0,262.0
35.1,-104.80000000000001,356.0,267.0,268.0
35.1,-104.7,356.0,332.0,266.0
35.1,-104.60000000000001,339.0,208.0,268.0
35.0,-105.7,360.0,178.0,269.0
35.0,-105.60000000000001,360.0,229.0,259.0
35.0,-105.5,353.0,209.0,239.0
35.0,-105.4,361.0,185.0,230.0
35.0,-105.30000000000001,374.0,183.0,228.0
35.0,-105.2,380.0,182.0,236.0
35.0,-105.10000000000001,411.0,174.0,240.0
35.0,-105.0,401.0,194.0,249.0
35.0,-104.9,358.0,219.0,261.0
35.0,-104.80000000000001,341.0,259.0,270.0
35.0,-104.7,409.0,295.0,271.0
35.0,-104.60000000000001,339.0,227.0,269.0
35.0,-104.5,337.0,223.0,269.0
35.0,-104.4,347.0,247.0,267.0
35.0,-104.30000000000001,345.0,270.0,278.0
35.0,-104.2,361.0,348.0,281.0
35.0,-104.10000000000001,333.0,416.0,288.0
34.9,-105.7,370.0,165.0,253.0
34.9,-105.60000000000001,381.0,173.0,222.0
34.9,-105.5,350.0,201.0,231.0
34.9,-105.4,376.0,254.0,223.0
34.9,-105.30000000000001,360.0,204.0,224.0
34.9,-105.2,392.0,183.0,236.0
34.9,-105.10000000000001,379.0,185.0,245.0
34.9,-105.0,344.0,212.0,252.0
34.9,-104.9,341.0,190.0,255.0
34.9,-104.80000000000001,346.0,214.0,265.0
34.9,-104.7,372.0,260.0,269.0
34.9,-104.60000000000001,333.0,239.0,263.0
34.9,-104.5,336.0,216.0,263.0
34.9,-104.4,324.0,232.0,264.0
34.9,-104.30000000000001,337.0,239.0,271.0
34.9,-104.2,349.0,287.0,275.0
34.9,-104.10000000000001,358.0,273.0,290.0
34.9,-104.0,333.0,328.0,290.0
34.8,-105.5,343.0,173.0,226.0
34.8,-105.4,330.0,198.0,231.0
34.8,-105.30000000000001,350.0,191.0,230.0
34.8,-105.2,340.0,168.0,234.0
34.8,-105.10000000000001,350.0,166.0,235.0
34.8,-105.0,345.0,150.0,241.0
34.8,-104.9,345.0,156.0,252.0
34.8,-104.80000000000001,343.0,165.0,260.0
34.8,-104.7,360.0,204.0,265.0
34.8,-104.60000000000001,450.0,263.0,262.0
34.8,-104.5,343.0,234.0,260.0
34.8,-104.4,337.0,251.0,261.0
34.8,-104.30000000000001,346.0,230.0,268.0
34.8,-104.2,345.0,253.0,280.0
34.8,-104.10000000000001,375.0,270.0,285.0
34.8,-104.0,348.0,295.0,290.0
34.8,-103.9,385.0,289.0,298.0
34.8,-103.80000000000001,406.0,295.0,303.0
34.7,-105.4,351.0,164.0,227.0
34.7,-105.30000000000001,343.0,167.0,225.0
34.7,-105.2,339.0,170.0,228.0
34.7,-105.10000000000001,351.0,165.0,229.0
34.7,-105.0,329.0,162.0,235.0
34.7,-104.9,308.0,158.0,245.0
34.7,-104.80000000000001,258.0,151.0,253.0
34.7,-104.7,309.0,187.0,258.0
34.7,-104.60000000000001,336.0,243.0,257.0
34.7,-104.5,445.0,304.0,257.0
34.7,-104.4,386.0,348.0,260.0
34.7,-104.30000000000001,343.0,264.0,269.0
34.7,-104.2,341.0,266.0,274.0
34.7,-104.10000000000001,367.0,276.0,273.0
34.7,-104.0,376.0,282.0,288.0
34.7,-103.9,370.0,288.0,293.0
34.7,-103.80000000000001,350.0,280.0,299.0
34.7,-103.7,408.0,314.0,305.0
34.6,-105.5,345.0,160.0,219.0
34.6,-105.4,345.0,177.0,220.0
34.6,-105.30000000000001,346.0,163.0,221.0
34.6,-105.2,339.0,164.0,228.0
34.6,-105.10000000000001,311.0,180.0,229.0
34.6,-105.0,256.0,165.0,236.0
34.6,-104.9,260.0,155.0,242.0
34.6,-104.80000000000001,257.0,165.0,248.0
34.6,-104.7,256.0,180.0,251.0
34.6,-104.60000000000001,295.0,217.0,253.0
34.6,-104.5,392.0,273.0,258.0
34.6,-104.4,374.0,282.0,262.0
34.6,-104.30000000000001,330.0,266.0,265.0
34.6,-104.2,331.0,250.0,270.0
34.6,-104.10000000000001,348.0,252.0,275.0
34.6,-104.0,362.0,276.0,281.0
34.6,-103.9,360.0,295.0,289.0
34.6,-103.80000000000001,381.0,286.0,301.0
34.6,-103.7,383.0,296.0,302.0
34.5,-105.5,344.0,183.0,227.0
34.5,-105.4,346.0,177.0,224.0
34.5,-105.30000000000001,344.0,157.0,218.0
34.5,-105.2,336.0,159.0,225.0
34.5,-105.10000000000001,260.0,158.0,232.0
34.5,-105.0,257.0,159.0,236.0
34.5,-104.9,260.0,159.0,241.0
34.5,-104.80000000000001,257.0,163.0,245.0
34.5,-104.7,257.0,166.0,249.0
34.5,-104.60000000000001,256.0,187.0,251.0
34.5,-104.5,289.0,208.0,260.0
34.5,-104.4,311.0,225.0,264.0
34.5,-104.30000000000001,616.0,301.0,263.0
34.5,-104.2,361.0,336.0,267.0
34.5,-104.10000000000001,384.0,253.0,264.0
34.5,-104.0,379.0,254.0,274.0
34.5,-103.9,371.0,238.0,282.0
34.4,-105.60000000000001,326.0,160.0,235.0
34.4,-105.5,344.0,174.0,229.0
34.4,-105.4,347.0,151.0,222.0
34.4,-105.30000000000001,340.0,142.0,219.0
34.4,-105.2,338.0,153.0,224.0
34.4,-105.10000000000001,264.0,154.0,226.0
34.4,-105.0,262.0,154.0,232.0
34.4,-104.9,259.0,162.0,237.0
34.4,-104.80000000000001,261.0,174.0,242.0
34.4,-104.7,256.0,179.0,247.0
34.4,-104.60000000000001,257.0,191.0,248.0
34.4,-104.5,265.0,190.0,255.0
34.4,-104.4,318.0,227.0,260.0
34.4,-104.30000000000001,362.0,268.0,260.0
34.4,-104.2,461.0,304.0,261.0
34.4,-104.10000000000001,327.0,217.0,267.0
34.4,-104.0,353.0,213.0,274.0
34.4,-103.9,369.0,230.0,278.0
34.3,-105.7,333.0,203.0,269.0
34.3,-105.60000000000001,332.0,231.0,248.0
34.3,-105.5,326.0,189.0,236.0
34.3,-105.4,327.0,164.0,222.0
34.3,-105.30000000000001,332.0,175.0,220.0
34.3,-105.2,343.0,152.0,217.0
34.3,-105.10000000000001,257.0,151.0,219.0
34.3,-105.0,283.0,148.0,225.0
34.3,-104.9,258.0,150.0,239.0
34.3,-104.80000000000001,270.0,178.0,235.0
34.3,-104.7,263.0,165.0,238.0
34.3,-104.60000000000001,259.0,175.0,246.0
34.3,-104.5,292.0,209.0,247.0
34.3,-104.4,331.0,233.0,253.0
34.3,-104.30000000000001,496.0,270.0,254.0
34.3,-104.2,326.0,246.0,261.0
34.3,-104.10000000000001,330.0,233.0,266.0
34.3,-104.0,347.0,240.0,274.0
34.2,-105.80000000000001,332.0,254.0,296.0
34.2,-105.7,355.0,178.0,255.0
34.2,-105.60000000000001,325.0,188.0,248.0
34.2,-105.5,328.0,211.0,236.0
34.2,-105.4,331.0,221.0,226.0
34.2,-105.30000000000001,345.0,183.0,216.0
34.2,-105.2,312.0,147.0,215.0
34.2,-105.10000000000001,258.0,151.0,215.0
34.2,-105.0,269.0,145.0,220.0
34.2,-104.9,296.0,143.0,231.0
34.2,-104.80000000000001,263.0,186.0,232.0
34.2,-104.7,254.0,163.0,235.0
34.2,-104.60000000000001,294.0,210.0,237.0
34.2,-104.5,276.0,220.0,242.0
34.2,-104.4,342.0,214.0,243.0
34.2,-104.30000000000001,329.0,263.0,248.0
34.2,-104.2,322.0,247.0,254.0
34.2,-104.10000000000001,326.0,226.0,261.0
34.2,-104.0,364.0,241.0,266.0
34.2,-103.9,401.0,251.0,269.0
34.1,-105.7,320.0,184.0,251.0
34.1,-105.60000000000001,337.0,169.0,239.0
34.1,-105.5,334.0,183.0,230.0
34.1,-105.4,337.0,204.0,220.0
34.1,-105.30000000000001,347.0,179.0,212.0
34.1,-105.2,360.0,169.0,207.0
34.1,-105.10000000000001,274.0,150.0,209.0
34.1,-105.0,258.0,151.0,216.0
34.1,-104.9,312.0,169.0,224.0
34.1,-104.80000000000001,265.0,176.0,231.0
34.1,-104.7,256.0,185.0,234.0
34.1,-104.60000000000001,273.0,172.0,235.0
34.1,-104.5,315.0,192.0,238.0
34.1,-104.4,338.0,253.0,239.0
34.1,-104.30000000000001,324.0,253.0,247.0
34.1,-104.2,312.0,210.0,253.0
34.1,-104.10000000000001,358.0,235.0,255.0
34.1,-104.0,385.0,213.0,262.0
34.1,-103.9,390.0,227.0,265.0
34.0,-105.7,315.0,172.0,258.0
34.0,-105.60000000000001,341.0,139.0,241.0
34.0,-105.5,338.0,132.0,235.0
34.0,-105.4,337.0,140.0,229.0
34.0,-105.30000000000001,350.0,147.0,219.0
34.0,-105.2,362.0,135.0,213.0
34.0,-105.10000000000001,421.0,179.0,210.0
34.0,-105.0,292.0,176.0,213.0
34.0,-104.9,270.0,184.0,222.0
34.0,-104.80000000000001,281.0,196.0,230.0
34.0,-104.7,276.0,181.0,235.0
34.0,-104.60000000000001,280.0,169.0,238.0
34.0,-104.5,278.0,191.0,238.0
34.0,-104.4,272.0,252.0,236.0
34.0,-104.30000000000001,300.0,299.0,238.0
34.0,-104.2,329.0,213.0,248.0
34.0,-104.10000000000001,370.0,201.0,253.0
34.0,-104.0,397.0,224.0,259.0
34.0,-103.9,403.0,247.0,263.0
33.9,-105.7,371.0,379.0,281.0
33.9,-105.60000000000001,352.0,130.0,265.0
33.9,-105.5,345.0,119.0,246.0
33.9,-105.4,356.0,140.0,231.0
33.9,-105.30000000000001,352.0,119.0,225.0
33.9,-105.2,364.0,133.0,217.0
33.9,-105.10000000000001,366.0,168.0,213.0
33.9,-105.0,305.0,193.0,217.0
33.9,-104.9,355.0,194.0,220.0
33.9,-104.80000000000001,280.0,206.0,225.0
33.9,-104.7,287.0,148.0,231.0
33.9,-104.60000000000001,279.0,180.0,236.0
33.9,-104.5,276.0,203.0,237.0
33.9,-104.4,277.0,248.0,235.0
33.9,-104.30000000000001,271.0,264.0,242.0
33.9,-104.2,279.0,167.0,248.0
33.9,-104.10000000000001,337.0,191.0,252.0
33.9,-104.0,400.0,228.0,255.0
33.9,-103.9,371.0,228.0,258.0
33.9,-103.80000000000001,404.0,259.0,263.0
33.8,-105.7,352.0,366.0,294.0
33.8,-105.60000000000001,379.0,159.0,268.0
33.8,-105.5,367.0,149.0,258.0
33.8,-105.4,365.0,145.0,247.0
33.8,-105.30000000000001,376.0,159.0,237.0
33.8,-105.2,366.0,167.0,227.0
33.8,-105.10000000000001,357.0,154.0,223.0
33.8,-105.0,321.0,179.0,221.0
33.8,-104.9,275.0,184.0,226.0
33.8,-104.80000000000001,259.0,211.0,228.0
33.8,-104.7,276.0,256.0,228.0
33.8,-104.60000000000001,279.0,224.0,232.0
33.8,-104.5,282.0,201.0,234.0
33.8,-104.4,296.0,240.0,233.0
33.8,-104.30000000000001,275.0,240.0,235.0
33.8,-104.2,276.0,204.0,245.0
33.8,-104.10000000000001,313.0,195.0,249.0
33.8,-104.0,375.0,202.0,250.0
33.8,-103.9,367.0,234.0,254.0
33.8,-103.80000000000001,398.0,241.0,263.0
33.7,-105.7,385.0,441.0,323.0
33.7,-105.60000000000001,412.0,294.0,308.0
33.7,-105.5,344.0,384.0,318.0
33.7,-105.4,364.0,481.0,328.0
33.7,-105.30000000000001,351.0,433.0,303.0
33.7,-105.2,358.0,307.0,235.0
33.7,-105.10000000000001,377.0,234.0,231.0
33.7,-105.0,355.0,205.0,223.0
33.7,-104.9,252.0,214.0,226.0
33.7,-104.80000000000001,255.0,231.0,227.0
33.7,-104.7,279.0,256.0,228.0
33.7,-104.60000000000001,278.0,280.0,228.0
33.7,-104.5,281.0,202.0,231.0
33.7,-104.4,299.0,250.0,230.0
33.7,-104.30000000000001,295.0,209.0,236.0
33.7,-104.2,312.0,200.0,245.0
33.7,-104.10000000000001,310.0,208.0,247.0
33.7,-104.0,345.0,235.0,248.0
33.7,-103.9,360.0,225.0,252.0
33.7,-103.80000000000001,337.0,246.0,260.0
33.7,-103.7,359.0,238.0,264.0
33.6,-105.80000000000001,295.0,393.0,342.0
33.6,-105.7,353.0,216.0,333.0
33.6,-105.60000000000001,379.0,181.0,309.0
33.6,-105.5,377.0,289.0,326.0
33.6,-105.4,339.0,318.0,340.0
33.6,-105.30000000000001,322.0,400.0,310.0
33.6,-105.2,374.0,341.0,260.0
33.6,-105.10000000000001,356.0,290.0,239.0
33.6,-105.0,369.0,263.0,227.0
33.6,-104.9,349.0,197.0,226.0
33.6,-104.80000000000001,310.0,230.0,230.0
33.6,-104.7,299.0,322.0,231.0
33.6,-104.60000000000001,292.0,264.0,228.0
33.6,-104.5,297.0,225.0,228.0
33.6,-104.4,315.0,264.0,231.0
33.6,-104.30000000000001,317.0,204.0,241.0
33.6,-104.2,299.0,188.0,245.0
33.6,-104.10000000000001,325.0,215.0,244.0
33.6,-104.0,351.0,262.0,246.0
33.6,-103.9,332.0,241.0,252.0
33.6,-103.80000000000001,325.0,266.0,260.0
33.6,-103.7,359.0,241.0,264.0
33.5,-105.9,417.0,308.0,416.0
33.5,-105.80000000000001,528.0,513.0,422.0
33.5,-105.7,270.0,345.0,369.0
33.5,-105.60000000000001,291.0,312.0,332.0
33.5,-105.5,383.0,346.0,308.0
33.5,-105.4,379.0,351.0,289.0
33.5,-105.30000000000001,354.0,316.0,281.0
33.5,-105.2,354.0,251.0,264.0
33.5,-105.10000000000001,357.0,297.0,245.0
33.5,-105.0,399.0,253.0,232.0
33.5,-104.9,364.0,224.0,228.0
33.5,-104.80000000000001,318.0,210.0,229.0
33.5,-104.7,322.0,302.0,231.0
33.5,-104.60000000000001,326.0,362.0,230.0
33.5,-104.5,293.0,326.0,231.0
33.5,-104.4,306.0,273.0,234.0
33.5,-104.30000000000001,321.0,211.0,240.0
33.5,-104.2,343.0,203.0,242.0
33.5,-104.10000000000001,334.0,209.0,243.0
33.5,-104.0,335.0,222.0,249.0
33.5,-103.9,326.0,250.0,258.0
33.5,-103.80000000000001,348.0,249.0,265.0
33.5,-103.7,370.0,235.0,269.0
33.4,-105.9,340.0,310.0,500.0
33.4,-105.80000000000001,629.0,584.0,420.0
33.4,-105.7,293.0,484.0,372.0
33.4,-105.60000000000001,283.0,396.0,339.0
33.4,-105.5,295.0,336.0,344.0
33.4,-105.4,381.0,313.0,302.0
33.4,-105.30000000000001,397.0,315.0,262.0
33.4,-105.2,393.0,317.0,260.0
33.4,-105.10000000000001,379.0,315.0,250.0
33.4,-105.0,465.0,304.0,235.0
33.4,-104.9,406.0,273.0,232.0
33.4,-104.80000000000001,312.0,232.0,230.0
33.4,-104.7,306.0,274.0,232.0
33.4,-104.60000000000001,303.0,333.0,237.0
33.4,-104.5,292.0,642.0,234.0
33.4,-104.4,291.0,382.0,236.0
33.4,-104.30000000000001,296.0,236.0,238.0
33.4,-104.2,318.0,197.0,242.0
33.4,-104.10000000000001,324.0,181.0,246.0
33.4,-104.0,342.0,179.0,256.0
33.4,-103.9,353.0,226.0,259.0
33.3,-105.80000000000001,268.0,498.0,415.0
33.3,-105.7,259.0,529.0,417.0
33.3,-105.60000000000001,259.0,466.0,415.0
33.3,-105.5,325.0,326.0,370.0
33.3,-105.4,372.0,209.0,332.0
33.3,-105.30000000000001,354.0,201.0,283.0
33.3,-105.2,355.0,249.0,272.0
33.3,-105.10000000000001,356.0,323.0,256.0
33.3,-105.0,358.0,321.0,241.0
33.3,-104.9,375.0,288.0,234.0
33.3,-104.80000000000001,290.0,248.0,232.0
33.3,-104.7,291.0,219.0,234.0
33.3,-104.60000000000001,285.0,276.0,236.0
33.3,-104.5,283.0,342.0,239.0
33.3,-104.4,275.0,443.0,236.0
33.3,-104.30000000000001,285.0,233.0,237.0
33.3,-104.2,303.0,207.0,241.0
33.3,-104.10000000000001,327.0,188.0,247.0
33.3,-104.0,344.0,182.0,254.0
33.3,-103.9,346.0,230.0,261.0
33.2,-105.7,543.0,415.0,445.0
33.2,-105.60000000000001,432.0,342.0,426.0
33.2,-105.5,394.0,311.0,368.0
33.2,-105.4,391.0,229.0,344.0
33.2,-105.30000000000001,360.0,206.0,305.0
33.2,-105.2,357.0,245.0,274.0
33.2,-105.10000000000001,356.0,290.0,253.0
33.2,-105.0,358.0,373.0,244.0
33.2,-104.9,359.0,301.0,235.0
33.2,-104.80000000000001,270.0,219.0,234.0
33.2,-104.7,279.0,216.0,236.0
33.2,-104.60000000000001,276.0,226.0,238.0
33.2,-104.5,284.0,328.0,239.0
33.2,-104.4,279.0,592.0,237.0
33.2,-104.30000000000001,268.0,238.0,241.0
33.2,-104.2,278.0,219.0,243.0
33.2,-104.10000000000001,294.0,201.0,248.0
33.2,-104.0,369.0,209.0,256.0
33.2,-103.9,343.0,212.0,262.0
33.1,-105.7,608.0,514.0,450.0
33.1,-105.60000000000001,607.0,457.0,429.0
33.1,-105.5,484.0,392.0,393.0
33.1,-105.4,439.0,290.0,349.0
33.1,-105.30000000000001,434.0,268.0,292.0
33.1,-105.2,437.0,248.0,276.0
33.1,-105.10000000000001,362.0,278.0,254.0
33.1,-105.0,355.0,324.0,246.0
33.1,-104.9,375.0,292.0,240.0
33.1,-104.80000000000001,237.0,227.0,236.0
33.1,-104.7,192.0,234.0,238.0
33.1,-104.60000000000001,257.0,245.0,237.0
33.1,-104.5,284.0,278.0,237.0
33.1,-104.4,282.0,302.0,239.0
33.1,-104.30000000000001,276.0,219.0,242.0
33.1,-104.2,252.0,219.0,243.0
33.1,-104.10000000000001,255.0,217.0,248.0
33.1,-104.0,344.0,225.0,257.0
33.1,-103.9,355.0,224.0,264.0
33.0,-105.7,557.0,638.0,458.0
33.0,-105.60000000000001,529.0,531.0,426.0
33.0,-105.5,400.0,388.0,382.0
33.0,-105.4,376.0,284.0,329.0
33.0,-105.30000000000001,436.0,282.0,298.0
33.0,-105.2,418.0,252.0,266.0
33.0,-105.10000000000001,374.0,284.0,252.0
33.0,-105.0,379.0,308.0,248.0
33.0,-104.9,199.0,235.0,238.0
33.0,-104.80000000000001,192.0,234.0,236.0
33.0,-104.7,191.0,206.0,233.0
33.0,-104.60000000000001,191.0,348.0,235.0
33.0,-104.5,285.0,446.0,235.0
33.0,-104.4,273.0,359.0,235.0
33.0,-104.30000000000001,274.0,270.0,238.0
33.0,-104.2,292.0,217.0,239.0
33.0,-104.10000000000001,264.0,220.0,244.0
33.0,-104.0,296.0,198.0,255.0
33.0,-103.9,347.0,232.0,265.0
32.9,-105.80000000000001,603.0,707.0,467.0
32.9,-105.7,563.0,652.0,434.0
32.9,-105.60000000000001,488.0,416.0,417.0
32.9,-105.5,357.0,329.0,373.0
32.9,-105.4,367.0,249.0,347.0
32.9,-105.30000000000001,484.0,264.0,296.0
32.9,-105.2,415.0,232.0,267.0
32.9,-105.10000000000001,461.0,261.0,254.0
32.9,-105.0,255.0,237.0,243.0
32.9,-104.9,206.0,209.0,238.0
32.9,-104.80000000000001,190.0,215.0,235.0
32.9,-104.7,193.0,196.0,232.0
32.9,-104.60000000000001,192.0,186.0,231.0
32.9,-104.5,203.0,253.0,230.0
32.9,-104.4,270.0,442.0,228.0
32.9,-104.30000000000001,278.0,192.0,231.0
32.9,-104.2,298.0,226.0,235.0
32.9,-104.10000000000001,284.0,249.0,243.0
32.9,-104.0,254.0,224.0,246.0
32.9,-103.9,345.0,274.0,264.0
32.9,-103.80000000000001,339.0,259.0,261.0
32.9,-103.7,355.0,242.0,263.0
32.9,-103.60000000000001,356.0,271.0,262.0
32.8,-105.80000000000001,603.0,579.0,467.0
32.8,-105.7,453.0,574.0,432.0
32.8,-105.60000000000001,427.0,425.0,406.0
32.8,-105.5,389.0,298.0,355.0
32.8,-105.4,465.0,271.0,329.0
32.8,-105.30000000000001,438.0,227.0,307.0
32.8,-105.2,429.0,215.0,273.0
32.8,-105.10000000000001,419.0,244.0,255.0
32.8,-105.0,261.0,221.0,243.0
32.8,-104.9,214.0,206.0,236.0
32.8,-104.80000000000001,191.0,216.0,231.0
32.8,-104.7,189.0,220.0,229.0
32.8,-104.60000000000001,214.0,219.0,226.0
32.8,-104.5,273.0,207.0,224.0
32.8,-104.4,292.0,385.0,223.0
32.8,-104.30000000000001,284.0,175.0,230.0
32.8,-104.2,287.0,242.0,231.0
32.8,-104.10000000000001,277.0,230.0,238.0
32.8,-104.0,326.0,226.0,242.0
32.8,-103.9,283.0,237.0,245.0
32.8,-103.80000000000001,272.0,250.0,245.0
32.8,-103.7,287.0,254.0,251.0
32.8,-103.60000000000001,355.0,260.0,259.0
32.8,-103.5,360.0,261.0,262.0
32.8,-103.4,363.0,283.0,266.0
32.7,-105.4,423.0,165.0,339.0
32.7,-105.30000000000001,444.0,194.0,296.0
32.7,-105.2,449.0,290.0,279.0
32.7,-105.10000000000001,406.0,283.0,256.0
32.7,-105.0,410.0,208.0,249.0
32.7,-104.9,267.0,203.0,241.0
32.7,-104.80000000000001,194.0,228.0,234.0
32.7,-104.7,288.0,237.0,231.0
32.7,-104.60000000000001,223.0,228.0,226.0
32.7,-104.5,292.0,232.0,224.0
32.7,-104.4,293.0,377.0,224.0
32.7,-104.30000000000001,299.0,249.0,231.0
32.7,-104.2,326.0,243.0,227.0
32.7,-104.10000000000001,327.0,278.0,227.0
32.7,-104.0,346.0,296.0,234.0
32.7,-103.9,318.0,242.0,239.0
32.7,-103.80000000000001,273.0,228.0,243.0
32.7,-103.7,275.0,251.0,246.0
32.7,-103.60000000000001,275.0,270.0,249.0
32.7,-103.5,344.0,273.0,257.0
32.7,-103.4,335.0,268.0,264.0
32.7,-103.30000000000001,362.0,270.0,267.0
32.6,-105.2,425.0,245.0,293.0
32.6,-105.10000000000001,429.0,372.0,291.0
32.6,-105.0,421.0,299.0,257.0
32.6,-104.9,461.0,193.0,247.0
32.6,-104.80000000000001,411.0,250.0,240.0
32.6,-104.7,328.0,238.0,235.0
32.6,-104.60000000000001,322.0,276.0,227.0
32.6,-104.5,343.0,356.0,228.0
32.6,-104.4,332.0,474.0,225.0
32.6,-104.30000000000001,322.0,312.0,227.0
32.6,-104.2,308.0,263.0,227.0
32.6,-104.10000000000001,325.0,231.0,229.0
32.6,-104.0,307.0,295.0,232.0
32.6,-103.9,316.0,250.0,237.0
32.6,-103.80000000000001,349.0,293.0,234.0
32.6,-103.7,282.0,219.0,241.0
32.6,-103.60000000000001,263.0,248.0,246.0
32.6,-103.5,262.0,280.0,251.0
32.6,-103.4,298.0,282.0,251.0
32.6,-103.30000000000001,273.0,287.0,258.0
32.6,-103.2,283.0,281.0,265.0
32.5,-105.10000000000001,518.0,301.0,297.0
32.5,-105.0,458.0,317.0,269.0
32.5,-104.9,419.0,293.0,260.0
32.5,-104.80000000000001,493.0,230.0,247.0
32.5,-104.7,364.0,200.0,239.0
32.5,-104.60000000000001,296.0,278.0,244.0
32.5,-104.5,313.0,379.0,240.0
32.5,-104.4,327.0,406.0,231.0
32.5,-104.30000000000001,407.0,457.0,229.0
32.5,-104.2,312.0,321.0,228.0
32.5,-104.10000000000001,305.0,246.0,232.0
32.5,-104.0,310.0,267.0,233.0
32.5,-103.9,434.0,280.0,229.0
32.5,-103.80000000000001,300.0,242.0,233.0
32.5,-103.7,267.0,231.0,239.0
32.5,-103.60000000000001,274.0,250.0,234.0
32.5,-103.5,358.0,286.0,240.0
32.5,-103.4,282.0,279.0,246.0
32.5,-103.30000000000001,265.0,275.0,251.0
32.5,-103.2,342.0,309.0,253.0
32.5,-103.10000000000001,336.0,307.0,256.0
32.4,-105.0,464.0,305.0,279.0
32.4,-104.9,426.0,334.0,276.0
32.4,-104.80000000000001,391.0,406.0,263.0
32.4,-104.7,417.0,250.0,249.0
32.4,-104.60000000000001,339.0,280.0,255.0
32.4,-104.5,336.0,338.0,249.0
32.4,-104.4,263.0,396.0,240.0
32.4,-104.30000000000001,362.0,374.0,234.0
32.4,-104.2,506.0,506.0,229.0
32.4,-104.10000000000001,384.0,373.0,226.0
32.4,-104.0,408.0,422.0,223.0
32.4,-103.9,320.0,302.0,224.0
32.4,-103.80000000000001,299.0,245.0,229.0
32.4,-103.7,267.0,254.0,234.0
32.4,-103.60000000000001,274.0,251.0,229.0
32.4,-103.5,309.0,285.0,225.0
32.4,-103.4,356.0,288.0,239.0
32.4,-103.30000000000001,267.0,276.0,241.0
32.4,-103.2,377.0,297.0,246.0
32.4,-103.10000000000001,307.0,302.0,254.0
32.4,-103.0,299.0,302.0,254.0
32.3,-104.9,451.0,244.0,283.0
32.3,-104.80000000000001,550.0,352.0,294.0
32.3,-104.7,469.0,381.0,258.0
32.3,-104.60000000000001,339.0,381.0,266.0
32.3,-104.5,358.0,382.0,253.0
32.3,-104.4,267.0,443.0,248.0
32.3,-104.30000000000001,276.0,346.0,231.0
32.3,-104.2,270.0,380.0,229.0
32.3,-104.10000000000001,351.0,440.0,221.0
32.3,-104.0,397.0,390.0,221.0
32.3,-103.9,285.0,266.0,227.0
32.3,-103.80000000000001,311.0,257.0,228.0
32.3,-103.7,279.0,242.0,231.0
32.3,-103.60000000000001,285.0,281.0,230.0
32.3,-103.5,312.0,308.0,220.0
32.3,-103.4,272.0,285.0,224.0
32.3,-103.30000000000001,278.0,300.0,230.0
32.3,-103.2,305.0,307.0,238.0
32.3,-103.10000000000001,305.0,301.0,242.0
32.3,-103.0,305.0,312.0,251.0
32.3,-102.9,304.0,335.0,263.0
32.2,-104.80000000000001,508.0,371.0,310.0
32.2,-104.7,535.0,534.0,297.0
32.2,-104.60000000000001,313.0,527.0,286.0
32.2,-104.5,409.0,389.0,264.0
32.2,-104.4,317.0,320.0,234.0
32.2,-104.30000000000001,314.0,312.0,231.0
32.2,-104.2,281.0,321.0,223.0
32.2,-104.10000000000001,299.0,345.0,217.0
32.2,-104.0,370.0,339.0,215.0
32.2,-103.9,314.0,261.0,224.0
32.2,-103.80000000000001,317.0,231.0,223.0
32.2,-103.7,270.0,246.0,220.0
32.2,-103.60000000000001,289.0,273.0,217.0
32.2,-103.5,292.0,281.0,214.0
32.2,-103.4,289.0,296.0,216.0
32.2,-103.30000000000001,312.0,335.0,215.0
32.2,-103.2,334.0,395.0,219.0
32.2,-103.10000000000001,321.0,356.0,231.0
32.2,-103.0,311.0,303.0,244.0
32.2,-102.9,302.0,336.0,252.0
32.1,-104.80000000000001,472.0,587.0,323.0
32.1,-104.7,399.0,458.0,272.0
32.1,-104.60000000000001,340.0,304.0,257.0
32.1,-104.5,345.0,221.0,242.0
32.1,-104.4,319.0,208.0,237.0
32.1,-104.30000000000001,312.0,246.0,226.0
32.1,-104.2,279.0,300.0,220.0
32.1,-104.10000000000001,321.0,359.0,212.0
32.1,-104.0,354.0,352.0,214.0
32.1,-103.9,359.0,292.0,214.0
32.1,-103.80000000000001,328.0,278.0,213.0
32.1,-103.7,272.0,275.0,211.0
32.1,-103.60000000000001,294.0,281.0,211.0
32.1,-103.5,271.0,269.0,209.0
32.1,-103.4,292.0,276.0,210.0
32.1,-103.30000000000001,301.0,302.0,211.0
32.1,-103.2,283.0,323.0,211.0
32.1,-103.10000000000001,273.0,338.0,220.0
32.1,-103.0,241.0,325.0,230.0
32.1,-102.9,291.0,320.0,241.0
32.0,-104.9,403.0,497.0,346.0
32.0,-104.80000000000001,393.0,496.0,291.0
32.0,-104.7,362.0,260.0,262.0
32.0,-104.60000000000001,328.0,278.0,251.0
32.0,-104.5,367.0,179.0,238.0
32.0,-104.4,333.0,185.0,235.0
32.0,-104.30000000000001,342.0,239.0,233.0
32.0,-104.2,334.0,262.0,223.0
32.0,-104.10000000000001,283.0,330.0,213.0
32.0,-104.0,694.0,597.0,206.0
32.0,-103.9,383.0,378.0,208.0
32.0,-103.80000000000001,348.0,293.0,203.0
32.0,-103.7,344.0,309.0,200.0
32.0,-103.60000000000001,307.0,284.0,206.0
32.0,-103.5,302.0,277.0,208.0
32.0,-103.4,346.0,278.0,205.0
32.0,-103.30000000000001,302.0,335.0,202.0
32.0,-103.2,246.0,337.0,208.0
32.0,-103.10000000000001,214.0,288.0,214.0
32.0,-103.0,224.0,273.0,225.0
32.0,-102.9,216.0,404.0,238.0
32.0,-102.80000000000001,341.0,392.0,253.0
31.9,-104.80000000000001,376.0,319.0,267.0
31.9,-104.7,366.0,286.0,254.0
31.9,-104.60000000000001,397.0,291.0,245.0
31.9,-104.5,403.0,265.0,238.0
31.9,-104.4,369.0,220.0,237.0
31.9,-104.30000000000001,361.0,237.0,232.0
31.9,-104.2,362.0,323.0,227.0
31.9,-104.10000000000001,344.0,274.0,216.0
31.9,-104.0,331.0,266.0,207.0
31.9,-103.9,295.0,344.0,203.0
31.9,-103.80000000000001,320.0,318.0,199.0
31.9,-103.7,372.0,314.0,198.0
31.9,-103.60000000000001,283.0,277.0,198.0
31.9,-103.5,236.0,302.0,202.0
31.9,-103.4,239.0,325.0,202.0
31.9,-103.30000000000001,248.0,313.0,200.0
31.9,-103.2,219.0,312.0,205.0
31.9,-103.10000000000001,209.0,368.0,210.0
31.9,-103.0,211.0,359.0,222.0
31.9,-102.9,287.0,360.0,231.0
31.9,-102.80000000000001,340.0,409.0,251.0
31.9,-102.7,341.0,417.0,257.0
31.8,-104.80000000000001,369.0,302.0,265.0
31.8,-104.7,369.0,305.0,255.0
31.8,-104.60000000000001,358.0,311.0,248.0
31.8,-104.5,363.0,195.0,245.0
31.8,-104.4,322.0,149.0,242.0
31.8,-104.30000000000001,328.0,225.0,235.0
31.8,-104.2,355.0,294.0,226.0
31.8,-104.10000000000001,312.0,181.0,217.0
31.8,-104.0,264.0,158.0,209.0
31.8,-103.9,264.0,245.0,204.0
31.8,-103.80000000000001,278.0,309.0,199.0
31.8,-103.7,273.0,300.0,197.0
31.8,-103.60000000000001,236.0,270.0,197.0
31.8,-103.5,243.0,301.0,197.0
31.8,-103.4,235.0,332.0,200.0
31.8,-103.30000000000001,232.0,367.0,198.0
31.8,-103.2,233.0,347.0,202.0
31.8,-103.10000000000001,219.0,374.0,206.0
31.8,-103.0,257.0,350.0,222.0
31.8,-102.9,293.0,393.0,233.0
31.8,-102.80000000000001,307.0,382.0,244.0
31.8,-102.7,327.0,395.0,251.0
31.8,-102.60000000000001,336.0,412.0,258.0
31.7,-104.80000000000001,371.0,251.0,266.0
31.7,-104.7,367.0,357.0,266.0
31.7,-104.60000000000001,360.0,263.0,255.0
31.7,-104.5,367.0,168.0,245.0
31.7,-104.4,340.0,140.0,242.0
31.7,-104.30000000000001,332.0,181.0,236.0
31.7,-104.2,305.0,295.0,230.0
31.7,-104.10000000000001,268.0,152.0,220.0
31.7,-104.0,266.0,58.0,217.0
31.7,-103.9,265.0,202.0,209.0
31.7,-103.80000000000001,265.0,205.0,204.0
31.7,-103.7,326.0,271.0,202.0
31.7,-103.60000000000001,338.0,307.0,201.0
31.7,-103.5,226.0,339.0,202.0
31.7,-103.4,236.0,334.0,200.0
31.7,-103.30000000000001,235.0,375.0,201.0
31.7,-103.2,228.0,389.0,205.0
31.7,-103.10000000000001,239.0,416.0,210.0
31.7,-103.0,300.0,392.0,222.0
31.7,-102.9,312.0,263.0,235.0
31.7,-102.80000000000001,299.0,371.0,245.0
31.7,-102.7,318.0,353.0,252.0
31.7,-102.60000000000001,329.0,370.0,259.0
31.7,-102.5,354.0,375.0,267.0
31.7,-102.4,355.0,393.0,276.0
31.6,-104.7,361.0,270.0,270.0
31.6,-104.60000000000001,359.0,250.0,264.0
31.6,-104.5,364.0,196.0,248.0
31.6,-104.4,332.0,110.0,242.0
31.6,-104.30000000000001,322.0,125.0,239.0
31.6,-104.2,266.0,194.0,230.0
31.6,-104.10000000000001,266.0,143.0,226.0
31.6,-104.0,266.0,198.0,222.0
31.6,-103.9,262.0,246.0,216.0
31.6,-103.80000000000001,262.0,242.0,209.0
31.6,-103.7,264.0,178.0,206.0
31.6,-103.60000000000001,233.0,252.0,205.0
31.6,-103.5,247.0,315.0,205.0
31.6,-103.4,230.0,298.0,205.0
31.6,-103.30000000000001,226.0,370.0,206.0
31.6,-103.2,251.0,362.0,211.0
31.6,-103.10000000000001,263.0,407.0,214.0
31.6,-103.0,307.0,449.0,222.0
31.6,-102.9,320.0,424.0,236.0
31.6,-102.80000000000001,296.0,357.0,242.0
31.6,-102.7,307.0,365.0,249.0
31.6,-102.60000000000001,327.0,358.0,257.0
31.6,-102.5,333.0,347.0,261.0
31.6,-102.4,371.0,358.0,269.0
31.6,-102.30000000000001,339.0,343.0,286.0
31.6,-102.2,339.0,338.0,292.0
31.5,-104.60000000000001,264.0,314.0,272.0
31.5,-104.5,286.0,201.0,253.0
31.5,-104.4,317.0,118.0,243.0
31.5,-104.30000000000001,320.0,139.0,243.0
31.5,-104.2,317.0,143.0,233.0
31.5,-104.10000000000001,295.0,156.0,230.0
31.5,-104.0,267.0,167.0,224.0
31.5,-103.9,263.0,141.0,221.0
31.5,-103.80000000000001,263.0,129.0,215.0
31.5,-103.7,328.0,175.0,215.0
31.5,-103.60000000000001,254.0,189.0,212.0
31.5,-103.5,320.0,272.0,213.0
31.5,-103.4,247.0,270.0,211.0
31.5,-103.30000000000001,230.0,333.0,213.0
31.5,-103.2,288.0,336.0,217.0
31.5,-103.10000000000001,349.0,369.0,220.0
31.5,-103.0,303.0,398.0,226.0
31.5,-102.9,317.0,373.0,231.0
31.5,-102.80000000000001,329.0,359.0,240.0
31.5,-102.7,309.0,355.0,243.0
31.5,-102.60000000000001,343.0,379.0,256.0
31.5,-102.5,338.0,355.0,263.0
31.5,-102.4,346.0,368.0,271.0
31.5,-102.30000000000001,358.0,366.0,287.0
31.5,-102.2,336.0,383.0,295.0
31.4,-104.5,269.0,136.0,254.0
31.4,-104.4,330.0,183.0,252.0
31.4,-104.30000000000001,323.0,131.0,246.0
31.4,-104.2,336.0,189.0,235.0
31.4,-104.10000000000001,338.0,187.0,235.0
31.4,-104.0,268.0,133.0,229.0
31.4,-103.9,265.0,118.0,228.0
31.4,-103.80000000000001,265.0,119.0,223.0
31.4,-103.7,462.0,126.0,224.0
31.4,-103.60000000000001,238.0,163.0,222.0
31.4,-103.5,264.0,147.0,216.0
31.4,-103.4,223.0,175.0,218.0
31.4,-103.30000000000001,242.0,250.0,219.0
31.4,-103.2,369.0,277.0,222.0
31.4,-103.10000000000001,377.0,374.0,225.0
31.4,-103.0,359.0,407.0,229.0
31.4,-102.9,338.0,388.0,232.0
31.4,-102.80000000000001,357.0,359.0,236.0
31.4,-102.7,429.0,353.0,243.0
31.4,-102.60000000000001,346.0,371.0,254.0
31.4,-102.5,346.0,401.0,265.0
31.4,-102.4,326.0,437.0,274.0
31.4,-102.30000000000001,317.0,406.0,294.0
31.4,-102.2,316.0,392.0,302.0
31.4,-102.10000000000001,324.0,440.0,311.0
31.4,-102.0,320.0,400.0,326.0
31.3,-104.5,273.0,313.0,257.0
31.3,-104.4,322.0,227.0,250.0
31.3,-104.30000000000001,337.0,211.0,245.0
31.3,-104.2,405.0,158.0,242.0
31.3,-104.10000000000001,329.0,164.0,246.0
31.3,-104.0,318.0,111.0,243.0
31.3,-103.9,293.0,90.0,236.0
31.3,-103.80000000000001,270.0,82.0,232.0
31.3,-103.7,423.0,165.0,232.0
31.3,-103.60000000000001,346.0,145.0,228.0
31.3,-103.5,232.0,123.0,226.0
31.3,-103.4,223.0,173.0,227.0
31.3,-103.30000000000001,221.0,169.0,228.0
31.3,-103.2,270.0,247.0,229.0
31.3,-103.10000000000001,387.0,340.0,231.0
31.3,-103.0,351.0,364.0,235.0
31.3,-102.9,342.0,402.0,233.0
31.3,-102.80000000000001,337.0,337.0,236.0
31.3,-102.7,462.0,348.0,243.0
31.3,-102.60000000000001,488.0,387.0,254.0
31.3,-102.5,342.0,409.0,264.0
31.3,-102.4,358.0,434.0,279.0
31.3,-102.30000000000001,316.0,489.0,298.0
31.3,-102.2,326.0,499.0,312.0
31.3,-102.10000000000001,334.0,511.0,317.0
31.3,-102.0,326.0,479.0,333.0
31.3,-101.9,380.0,414.0,349.0
31.2,-104.4,331.0,361.0,271.0
31.2,-104.30000000000001,328.0,365.0,264.0
31.2,-104.2,326.0,240.0,264.0
31.2,-104.10000000000001,331.0,264.0,266.0
31.2,-104.0,322.0,198.0,255.0
31.2,-103.9,326.0,151.0,248.0
31.2,-103.80000000000001,311.0,98.0,241.0
31.2,-103.7,434.0,145.0,239.0
31.2,-103.60000000000001,431.0,123.0,240.0
31.2,-103.5,224.0,131.0,234.0
31.2,-103.4,222.0,174.0,237.0
31.2,-103.30000000000001,238.0,209.0,236.0
31.2,-103.2,344.0,239.0,239.0
31.2,-103.10000000000001,381.0,238.0,242.0
31.2,-103.0,351.0,294.0,239.0
31.2,-102.9,349.0,280.0,240.0
31.2,-102.80000000000001,346.0,333.0,243.0
31.2,-102.7,335.0,338.0,250.0
31.2,-102.60000000000001,340.0,397.0,263.0
31.2,-102.5,341.0,413.0,271.0
31.2,-102.4,338.0,446.0,286.0
31.2,-102.30000000000001,317.0,490.0,301.0
31.2,-102.2,322.0,522.0,313.0
31.2,-102.10000000000001,343.0,504.0,322.0
31.2,-102.0,322.0,535.0,331.0
31.2,-101.9,341.0,534.0,353.0
31.2,-101.80000000000001,394.0,511.0,370.0
31.2,-101.7,382.0,484.0,380.0
31.1,-104.4,321.0,168.0,265.0
31.1,-104.30000000000001,335.0,236.0,268.0
31.1,-104.2,325.0,260.0,278.0
31.1,-104.10000000000001,326.0,400.0,287.0
31.1,-104.0,330.0,291.0,265.0
31.1,-103.9,325.0,184.0,262.0
31.1,-103.80000000000001,325.0,156.0,251.0
31.1,-103.7,404.0,180.0,248.0
31.1,-103.60000000000001,344.0,163.0,245.0
31.1,-103.5,277.0,171.0,243.0
31.1,-103.4,304.0,215.0,247.0
31.1,-103.30000000000001,332.0,187.0,243.0
31.1,-103.2,391.0,196.0,249.0
31.1,-103.10000000000001,331.0,177.0,252.0
31.1,-103.0,345.0,206.0,251.0
31.1,-102.9,345.0,282.0,251.0
31.1,-102.80000000000001,331.0,281.0,244.0
31.1,-102.7,348.0,276.0,262.0
31.1,-102.60000000000001,358.0,323.0,273.0
31.1,-102.5,341.0,383.0,282.0
31.1,-102.4,351.0,455.0,294.0
31.1,-102.30000000000001,353.0,490.0,303.0
31.1,-102.2,293.0,556.0,315.0
31.1,-102.10000000000001,361.0,593.0,323.0
31.1,-102.0,324.0,577.0,349.0
31.1,-101.9,362.0,565.0,356.0
31.1,-101.80000000000001,397.0,531.0,364.0
31.1,-101.7,428.0,521.0,382.0
31.1,-101.60000000000001,463.0,517.0,393.0
31.1,-101.5,444.0,554.0,401.0
31.1,-101.4,453.0,512.0,411.0
31.0,-104.30000000000001,330.0,328.0,299.0
31.0,-104.2,329.0,375.0,317.0
31.0,-104.10000000000001,324.0,499.0,317.0
31.0,-104.0,275.0,323.0,275.0
31.0,-103.9,356.0,247.0,265.0
31.0,-103.80000000000001,336.0,257.0,269.0
31.0,-103.7,398.0,202.0,257.0
31.0,-103.60000000000001,342.0,184.0,256.0
31.0,-103.5,341.0,199.0,261.0
31.0,-103.4,336.0,225.0,255.0
31.0,-103.30000000000001,343.0,171.0,256.0
31.0,-103.2,344.0,179.0,261.0
31.0,-103.10000000000001,343.0,168.0,261.0
31.0,-103.0,351.0,250.0,262.0
31.0,-102.9,410.0,270.0,267.0
31.0,-102.80000000000001,340.0,302.0,271.0
31.0,-102.7,342.0,358.0,280.0
31.0,-102.60000000000001,359.0,402.0,287.0
31.0,-102.5,348.0,457.0,298.0
31.0,-102.4,395.0,474.0,305.0
31.0,-102.30000000000001,354.0,496.0,313.0
31.0,-102.2,392.0,599.0,323.0
31.0,-102.10000000000001,360.0,631.0,325.0
31.0,-102.0,488.0,621.0,334.0
31.0,-101.9,409.0,675.0,355.0
31.0,-101.80000000000001,413.0,626.0,364.0
31.0,-101.7,448.0,592.0,377.0
31.0,-101.60000000000001,435.0,611.0,385.0
31.0,-101.5,424.0,610.0,396.0
31.0,-101.4,437.0,533.0,410.0
30.9,-104.30000000000001,362.0,228.0,306.0
30.9,-104.2,361.0,289.0,312.0
30.9,-104.10000000000001,384.0,462.0,314.0
30.9,-104.0,390.0,533.0,289.0
30.9,-103.9,333.0,361.0,278.0
30.9,-103.80000000000001,334.0,427.0,284.0
30.9,-103.7,358.0,425.0,280.0
30.9,-103.60000000000001,333.0,338.0,271.0
30.9,-103.5,328.0,226.0,274.0
30.9,-103.4,337.0,170.0,271.0
30.9,-103.30000000000001,345.0,160.0,266.0
30.9,-103.2,347.0,165.0,266.0
30.9,-103.10000000000001,426.0,310.0,269.0
30.9,-103.0,363.0,338.0,273.0
30.9,-102.9,370.0,317.0,272.0
30.9,-102.80000000000001,342.0,320.0,275.0
30.9,-102.7,342.0,392.0,287.0
30.9,-102.60000000000001,388.0,451.0,295.0
30.9,-102.5,395.0,523.0,303.0
30.9,-102.4,368.0,545.0,318.0
30.9,-102.30000000000001,345.0,532.0,324.0
30.9,-102.2,346.0,560.0,331.0
30.9,-102.10000000000001,346.0,626.0,333.0
30.9,-102.0,347.0,705.0,339.0
30.9,-101.9,421.0,748.0,340.0
30.9,-101.80000000000001,427.0,724.0,353.0
30.9,-101.7,487.0,690.0,364.0
30.9,-101.60000000000001,420.0,651.0,379.0
30.9,-101.5,412.0,616.0,393.0
30.9,-101.4,435.0,546.0,392.0
30.8,-104.30000000000001,432.0,314.0,328.0
30.8,-104.2,451.0,323.0,327.0
30.8,-104.10000000000001,469.0,487.0,332.0
30.8,-104.0,487.0,617.0,336.0
30.8,-103.9,360.0,511.0,304.0
30.8,-103.80000000000001,339.0,441.0,302.0
30.8,-103.7,339.0,389.0,295.0
30.8,-103.60000000000001,365.0,287.0,291.0
30.8,-103.5,322.0,205.0,280.0
30.8,-103.4,351.0,171.0,277.0
30.8,-103.30000000000001,358.0,174.0,273.0
30.8,-103.2,345.0,143.0,274.0
30.8,-103.10000000000001,340.0,242.0,278.0
30.8,-103.0,345.0,302.0,280.0
30.8,-102.9,341.0,309.0,279.0
30.8,-102.80000000000001,339.0,342.0,280.0
30.8,-102.7,356.0,413.0,291.0
30.8,-102.60000000000001,353.0,514.0,301.0
30.8,-102.5,355.0,540.0,316.0
30.8,-102.4,360.0,500.0,319.0
30.8,-102.30000000000001,349.0,493.0,326.0
30.8,-102.2,348.0,530.0,332.0
30.8,-102.10000000000001,347.0,635.0,333.0
30.8,-102.0,362.0,694.0,330.0
30.8,-101.9,471.0,718.0,332.0
30.8,-101.80000000000001,429.0,746.0,347.0
30.8,-101.7,423.0,729.0,357.0
30.8,-101.60000000000001,431.0,695.0,367.0
30.8,-101.5,421.0,697.0,379.0
30.8,-101.4,392.0,609.0,389.0
30.7,-104.30000000000001,501.0,340.0,336.0
30.7,-104.2,494.0,617.0,349.0
30.7,-104.10000000000001,471.0,511.0,327.0
30.7,-104.0,377.0,448.0,322.0
30.7,-103.9,351.0,399.0,325.0
30.7,-103.80000000000001,346.0,370.0,319.0
30.7,-103.7,409.0,367.0,312.0
30.7,-103.60000000000001,393.0,302.0,302.0
30.7,-103.5,374.0,200.0,283.0
30.7,-103.4,442.0,164.0,277.0
30.7,-103.30000000000001,359.0,186.0,278.0
30.7,-103.2,346.0,198.0,280.0
30.7,-103.10000000000001,339.0,261.0,283.0
30.7,-103.0,338.0,283.0,284.0
30.7,-102.9,339.0,340.0,290.0
30.7,-102.80000000000001,339.0,383.0,291.0
30.7,-102.7,375.0,458.0,300.0
30.7,-102.60000000000001,364.0,462.0,307.0
30.7,-102.5,365.0,506.0,312.0
30.7,-102.4,365.0,520.0,313.0
30.7,-102.30000000000001,401.0,544.0,318.0
30.7,-102.2,387.0,564.0,324.0
30.7,-102.10000000000001,360.0,620.0,325.0
30.7,-102.0,347.0,655.0,330.0
30.7,-101.9,359.0,688.0,331.0
30.7,-101.80000000000001,470.0,761.0,337.0
30.7,-101.7,462.0,726.0,348.0
30.7,-101.60000000000001,428.0,670.0,364.0
30.7,-101.5,433.0,658.0,371.0
30.7,-101.4,436.0,592.0,385.0
30.6,-104.10000000000001,392.0,300.0,325.0
30.6,-104.0,369.0,274.0,306.0
30.6,-103.9,378.0,273.0,308.0
30.6,-103.80000000000001,339.0,393.0,312.0
30.6,-103.7,403.0,279.0,304.0
30.6,-103.60000000000001,376.0,282.0,291.0
30.6,-103.5,367.0,273.0,286.0
30.6,-103.4,385.0,238.0,281.0
30.6,-103.30000000000001,357.0,257.0,284.0
30.6,-103.2,340.0,340.0,300.0
30.6,-103.10000000000001,349.0,348.0,301.0
30.6,-103.0,339.0,376.0,300.0
30.6,-102.9,340.0,382.0,303.0
30.6,-102.80000000000001,345.0,377.0,300.0
30.6,-102.7,355.0,371.0,304.0
30.6,-102.60000000000001,361.0,420.0,305.0
30.6,-102.5,359.0,522.0,307.0
30.6,-102.4,363.0,547.0,308.0
30.6,-102.30000000000001,363.0,575.0,310.0
30.6,-102.2,346.0,603.0,313.0
30.6,-102.10000000000001,366.0,614.0,319.0
30.6,-102.0,404.0,634.0,322.0
30.6,-101.9,365.0,623.0,330.0
30.6,-101.80000000000001,440.0,679.0,338.0
30.6,-101.7,500.0,779.0,347.0
30.6,-101.60000000000001,456.0,693.0,357.0
30.6,-101.5,470.0,643.0,370.0
30.6,-101.4,476.0,608.0,378.0
30.6,-101.30000000000001,454.0,612.0,383.0
30.5,-103.9,376.0,338.0,313.0
30.5,-103.80000000000001,387.0,359.0,303.0
30.5,-103.7,464.0,225.0,299.0
30.5,-103.60000000000001,370.0,279.0,300.0
30.5,-103.5,357.0,285.0,296.0
30.5,-103.4,350.0,316.0,299.0
30.5,-103.30000000000001,388.0,471.0,316.0
30.5,-103.2,383.0,451.0,324.0
30.5,-103.10000000000001,340.0,472.0,319.0
30.5,-103.0,340.0,464.0,313.0
30.5,-102.9,351.0,446.0,311.0
30.5,-102.80000000000001,356.0,423.0,311.0
30.5,-102.7,362.0,460.0,310.0
30.5,-102.2,372.0,558.0,314.0
30.5,-102.10000000000001,365.0,606.0,315.0
30.5,-102.0,361.0,642.0,313.0
30.5,-101.9,365.0,701.0,322.0
30.5,-101.80000000000001,485.0,780.0,333.0
30.5,-101.7,396.0,753.0,343.0
30.5,-101.60000000000001,484.0,731.0,355.0
30.5,-101.5,487.0,718.0,361.0
30.5,-101.4,467.0,630.0,369.0
30.4,-103.9,362.0,272.0,315.0
30.4,-103.80000000000001,357.0,331.0,315.0
30.4,-103.7,362.0,259.0,308.0
30.4,-103.60000000000001,368.0,358.0,318.0
30.4,-103.5,368.0,391.0,313.0
30.4,-103.4,385.0,480.0,325.0
30.4,-103.30000000000001,384.0,415.0,328.0
30.4,-103.2,395.0,347.0,339.0
30.4,-103.10000000000001,394.0,302.0,339.0
30.4,-101.9,365.0,744.0,320.0
30.4,-101.80000000000001,431.0,861.0,328.0
30.4,-101.7,451.0,821.0,340.0
30.4,-101.60000000000001,462.0,780.0,352.0
30.4,-101.5,476.0,758.0,362.0
30.4,-101.4,463.0,611.0,368.0
30.3,-103.7,348.0,330.0,318.0
30.3,-103.60000000000001,364.0,343.0,326.0
30.3,-101.9,359.0,741.0,313.0
30.3,-101.80000000000001,425.0,868.0,327.0
30.3,-101.7,440.0,862.0,340.0
30.3,-101.60000000000001,426.0,821.0,352.0
30.3,-101.5,432.0,771.0,362.0
30.2,-101.9,364.0,620.0,317.0
30.2,-101.80000000000001,404.0,627.0,325.0
30.2,-101.7,432.0,803.0,339.0
30.2,-101.60000000000001,481.0,852.0,349.0
30.2,-101.5,431.0,762.0,358.0
30.2,-101.4,434.0,689.0,366.0
30.1,-101.80000000000001,381.0,618.0,324.0
30.1,-101.7,432.0,657.0,336.0
30.1,-101.60000000000001,429.0,788.0,348.0
30.1,-101.5,429.0,816.0,353.0
30.1,-101.4,436.0,653.0,363.0
30.0,-101.7,377.0,739.0,330.0
30.0,-101.60000000000001,449.0,794.0,334.0
30.0,-101.5,422.0,793.0,347.0
30.0,-101.4,420.0,719.0,357.0
30.0,-101.30000000000001,421.0,653.0,364.0
29.9,-101.5,516.0,795.0,344.0
29.9,-101.4,443.0,749.0,351.0
29.9,-101.30000000000001,422.0,685.0,367.0
29.9,-101.2,442.0,723.0,376.0
29.8,-101.4,691.0,867.0,350.0
29.8,-101.30000000000001,430.0,753.0,364.0
