id,label,source,lat,lon,alt_m,n_obs,date_oldest,date_newest,mean_head_m,mean_dtw_ft,cell,row,col,well_depth_ft,local_aqfr_cd,nat_aqfr_cd
303503102303601,USGS 303503102303601,USGS NWIS,30.584211,-102.510069,1039.52,105,2008-08-05,2010-05-25,819.93,720.45,67578,298,159,771.0,218EDDT,
303824102285001,USGS 303824102285001,USGS NWIS,30.64,-102.480519,995.03,55,2009-05-20,2010-05-10,812.46,598.98,66899,295,161,696.0,218EDDT,
303852102432901,USGS 303852102432901,USGS NWIS,30.6479,-102.724711,1059.36,57,2009-07-15,2010-06-10,890.26,554.8,66887,295,149,634.0,218EDDT,
304711103003301,USGS 304711103003301,USGS NWIS,30.786419,-103.009319,987.15,120,2008-02-10,2009-09-30,910.29,252.16,65284,288,135,500.0,218EDDT,
305042102595601,USGS 305042102595601,USGS NWIS,30.845089,-102.998989,940.35,111,2008-02-29,2009-10-05,898.25,138.13,64377,284,136,408.0,218EDDT,
305110102533401,USGS 305110102533401,USGS NWIS,30.852861,-102.892781,917.73,84,2000-01-18,2026-06-09,888.18,96.95,64382,284,141,210.0,218EDDT,S500EDRTRN
310041102152901,USGS 310041102152901,USGS NWIS,31.011561,-102.25855,701.14,12,2000-01-18,2010-09-03,683.94,56.42,62142,274,171,188.9,100PCOS,
311340103040101,USGS 311340103040101,USGS NWIS,31.227921,-103.067661,799.49,12,2000-01-19,2010-08-09,700.88,323.51,59606,263,132,865.0,,
322120104151501,USGS 322120104151501,USGS NWIS,32.356056,-104.254667,982.37,49,2000-01-08,2011-10-20,934.26,157.83,45475,201,75,1660.0,110AVMB,N9999OTHER
322637104142301,USGS 322637104142301,USGS NWIS,32.4425,-104.241389,950.98,129,2000-01-11,2026-02-03,944.19,22.27,44568,197,76,327.0,313CPTN,N9999OTHER
324620104255001,USGS 324620104255001,USGS NWIS,32.773333,-104.413333,1037.23,130,2000-01-11,2021-02-02,1000.23,121.39,40246,178,67,1008.0,313SADR,S400RSWLBS
325638104274801,USGS 325638104274801,USGS NWIS,32.944167,-104.464444,1052.17,60,2000-01-10,2005-06-01,1031.51,67.78,38201,169,65,171.0,110AVMB,S400RSWLBS
325845104295501,USGS 325845104295501,USGS NWIS,32.997778,-104.520278,1075.64,109,2000-01-05,2005-06-01,1072.98,8.71,37517,166,62,910.0,313SADR,S400RSWLBS
331002104254701,USGS 331002104254701,USGS NWIS,33.167328,-104.430243,1074.42,200,2000-01-05,2018-01-16,1052.19,72.93,35479,157,67,923.0,313SADR,S400RSWLBS
331525104245201,USGS 331525104245201,USGS NWIS,33.256944,-104.415,1078.99,129,2000-01-06,2011-10-04,1056.53,73.68,34344,152,67,930.0,313SADR,S400RSWLBS
331948105350101,USGS 331948105350101,USGS NWIS,33.33025,-105.586028,1968.4,44,2008-04-30,2025-01-14,1908.76,195.65,33382,148,13,300.0,310YESOG,N9999OTHER
332005105400201,USGS 332005105400201,USGS NWIS,33.336747,-105.668358,2049.54,52,2002-08-05,2018-01-09,2046.35,10.44,33151,147,9,119.0,210MNCS,N9999OTHER
332144105411901,USGS 332144105411901,USGS NWIS,33.3626,-105.691039,2153.2,51,2002-08-06,2018-01-10,2145.71,24.57,32923,146,8,100.0,231CHNL,N9999OTHER
332402105282201,USGS 332402105282201,USGS NWIS,33.396972,-105.474889,1798.08,54,2003-03-06,2026-01-15,1773.7,79.97,32479,144,18,130.0,110AVMB,N9999OTHER
332615104303601,USGS 332615104303601,USGS NWIS,33.437597,-104.510524,1091.79,183,2000-01-05,2005-02-25,1079.9,39.03,32070,142,63,329.0,313SADR,S400RSWLBS
332932105225901,USGS 332932105225901,USGS NWIS,33.492181,-105.382939,1735.23,44,2008-04-30,2018-01-29,1730.25,16.32,31348,139,22,,,N9999OTHER
332937105314501,USGS 332937105314501,USGS NWIS,33.494622,-105.530733,1892.69,92,2002-10-23,2026-08-14,1887.3,17.69,31114,138,15,45.0,110AVMB,N9999OTHER
352949105144301,USGS 352949105144301,USGS NWIS,35.496972,-105.245389,1944.23,79,2010-09-21,2026-07-13,1921.79,73.63,5931,27,29,165.0,,N9999OTHER
TWDB_4525713,TWDB 4525713,TWDB GWDB,31.539658,-102.992375,805.89,269,2025-11-21,2026-08-16,762.04,143.86,55750,246,135,,,
TWDB_4525715,TWDB 4525715,TWDB GWDB,31.541353,-102.995011,805.59,3836,2012-05-22,2025-05-15,761.94,143.21,55750,246,135,,,
TWDB_4526203,TWDB 4526203,TWDB GWDB,31.620033,-102.810439,829.06,681,2024-08-14,2026-08-16,814.43,47.99,54624,241,144,,,
TWDB_4557603,TWDB 4557603,TWDB GWDB,31.056667,-102.907222,841.86,1956,2008-04-02,2013-10-02,815.36,86.92,61884,273,140,,,
TWDB_4563705,TWDB 4563705,TWDB GWDB,31.017222,-102.235556,697.69,1992,2008-04-24,2013-10-09,684.3,43.93,62143,274,172,,,
TWDB_4615924,TWDB 4615924,TWDB GWDB,31.758058,-103.159722,852.22,4720,2013-01-30,2026-08-17,818.72,109.9,53018,234,127,,,
TWDB_4644501,TWDB 4644501,TWDB GWDB,31.324167,-103.543889,805.28,8111,2000-01-01,2026-08-17,759.23,151.1,58448,258,109,,,
TWDB_4648806,TWDB 4648806,TWDB GWDB,31.290414,-103.050089,776.02,4325,2012-02-29,2026-08-16,698.96,252.83,58926,260,133,,,
TWDB_4655603,TWDB 4655603,TWDB GWDB,31.183611,-103.134722,821.13,1631,2008-04-02,2014-01-14,755.03,216.86,60284,266,129,,,
TWDB_4656309,TWDB 4656309,TWDB GWDB,31.209769,-103.002628,793.7,1996,2008-04-02,2013-12-23,732.96,199.29,59836,264,135,,,
TWDB_4662501,TWDB 4662501,TWDB GWDB,31.043611,-103.321111,880.87,100,2013-10-03,2014-01-10,837.33,142.85,62091,274,120,,,
TWDB_5124901,TWDB 5124901,TWDB GWDB,30.637222,-104.028056,1617.88,891,2011-09-26,2014-03-16,1545.5,237.47,67279,297,87,,,
TWDB_5206604,TWDB 5206604,TWDB GWDB,30.930278,-103.270556,929.64,1955,2008-04-02,2014-01-03,856.59,239.68,63456,280,123,,,
TWDB_5207304,TWDB 5207304,TWDB GWDB,30.983056,-103.161111,897.64,379,2012-11-29,2014-01-03,842.57,180.65,62780,277,128,,,
TWDB_5207905,TWDB 5207905,TWDB GWDB,30.915556,-103.135,924.76,484,2012-07-27,2013-12-26,870.99,176.41,63689,281,129,,,
TWDB_5208802,TWDB 5208802,TWDB GWDB,30.901111,-103.046667,927.51,1410,2010-03-08,2014-01-15,904.25,76.31,63693,281,133,,,
TWDB_5216311,TWDB 5216311,TWDB GWDB,30.867778,-103.015834,931.16,777,2011-08-02,2013-10-04,913.74,57.16,64149,283,135,,,
TWDB_5216802,TWDB 5216802,TWDB GWDB,30.791081,-103.042925,975.66,8751,2000-01-01,2026-07-31,912.53,207.14,65056,287,134,,,
TWDB_5223603,TWDB 5223603,TWDB GWDB,30.7025,-103.151667,1029.0,1611,2008-04-04,2013-10-04,949.53,260.75,66185,292,128,,,
TWDB_5225209,TWDB 5225209,TWDB GWDB,30.590633,-103.943608,1548.99,7965,2001-09-05,2026-08-16,1507.19,137.16,67737,299,91,,,
TWDB_5225509,TWDB 5225509,TWDB GWDB,30.547778,-103.928055,1510.89,435,2009-02-23,2010-05-08,1465.13,150.15,68418,302,91,,,
TWDB_5230107,TWDB 5230107,TWDB GWDB,30.621381,-103.363928,1076.55,4168,2014-06-03,2026-08-16,1011.5,213.42,67310,297,118,,,
TWDB_5234302,TWDB 5234302,TWDB GWDB,30.494445,-103.753334,1348.44,1215,2009-02-26,2012-07-21,1303.69,146.81,68881,304,100,,,
TWDB_5235710,TWDB 5235710,TWDB GWDB,30.382003,-103.72095,1401.47,397,2009-03-03,2010-04-09,1374.88,87.25,70471,311,101,,,
TWDB_5301209,TWDB 5301209,TWDB GWDB,30.990278,-102.923889,855.57,1393,2010-03-08,2014-01-08,826.07,96.81,62564,276,139,,,
TWDB_5306901,TWDB 5306901,TWDB GWDB,30.899167,-102.289167,760.17,2057,2008-03-31,2014-01-27,715.33,147.11,63730,281,170,,,
TWDB_5309301,TWDB 5309301,TWDB GWDB,30.857878,-102.892792,918.06,1946,2021-04-15,2026-08-17,887.18,101.3,64382,284,141,,,
TWDB_5312301,TWDB 5312301,TWDB GWDB,30.843997,-102.521847,830.28,2587,2014-05-20,2026-08-16,816.99,43.59,64399,284,158,,,
TWDB_5312802,TWDB 5312802,TWDB GWDB,30.7725,-102.582222,904.04,653,2009-05-13,2011-03-01,838.79,214.06,65305,288,156,,,
TWDB_5316601,TWDB 5316601,TWDB GWDB,30.828889,-102.036111,768.4,1922,2008-03-31,2013-10-08,710.09,191.29,64423,284,182,,,
TWDB_5320603,TWDB 5320603,TWDB GWDB,30.692708,-102.523953,967.44,4532,2009-09-15,2026-08-16,817.22,492.84,66216,292,159,,,
TWDB_5320903,TWDB 5320903,TWDB GWDB,30.642719,-102.528994,999.44,5278,2010-08-04,2026-08-16,815.04,604.98,66896,295,158,,,
TWDB_5321704,TWDB 5321704,TWDB GWDB,30.628731,-102.489233,1004.32,4422,2010-10-28,2026-08-17,812.69,628.69,67125,296,160,,,
TWDB_5334401,TWDB 5334401,TWDB GWDB,30.441667,-102.843889,1330.15,2025,2008-02-04,2013-11-19,1190.85,457.02,69606,307,144,,,
TWDB_5418510,TWDB 5418510,TWDB GWDB,30.678056,-101.816667,647.7,2005,2008-03-31,2013-10-08,627.65,65.78,66249,292,192,,,
TWDB_5425401,TWDB 5425401,TWDB GWDB,30.579692,-101.977728,710.49,723,2024-08-05,2026-08-16,665.72,146.87,67604,298,185,,,
TWDB_5434501,TWDB 5434501,TWDB GWDB,30.419167,-101.815706,754.99,689,2024-08-05,2026-08-17,608.47,480.7,69655,307,193,,,
