id,lat,lon,cell,year,obs_depth_m,sim_depth_m
304711103003301,30.7864,-103.0093,25523,2008,103.0,54.0
304711103003301,30.7864,-103.0093,25523,2009,104.0,55.1
305042102595601,30.8451,-102.999,24955,2008,39.79,25.9
305042102595601,30.8451,-102.999,24955,2009,40.27,27.1
305110102533401,30.8529,-102.8928,24960,2000,41.14,19.6
305110102533401,30.8529,-102.8928,24960,2001,41.55,20.4
305110102533401,30.8529,-102.8928,24960,2002,41.45,21.0
305110102533401,30.8529,-102.8928,24960,2004,37.48,21.9
305110102533401,30.8529,-102.8928,24960,2005,33.05,21.8
305110102533401,30.8529,-102.8928,24960,2006,36.61,21.7
305110102533401,30.8529,-102.8928,24960,2007,36.51,22.1
305110102533401,30.8529,-102.8928,24960,2008,38.11,22.5
305110102533401,30.8529,-102.8928,24960,2009,38.74,22.9
305110102533401,30.8529,-102.8928,24960,2010,37.85,23.3
305110102533401,30.8529,-102.8928,24960,2017,39.12,25.8
305110102533401,30.8529,-102.8928,24960,2018,38.27,26.1
305110102533401,30.8529,-102.8928,24960,2019,39.37,26.4
305110102533401,30.8529,-102.8928,24960,2020,38.9,26.3
305110102533401,30.8529,-102.8928,24960,2021,40.08,26.6
305110102533401,30.8529,-102.8928,24960,2022,39.96,27.0
305110102533401,30.8529,-102.8928,24960,2023,38.89,27.4
305110102533401,30.8529,-102.8928,24960,2024,40.82,27.8
305110102533401,30.8529,-102.8928,24960,2025,40.36,28.1
310041102152901,31.0116,-102.2585,23529,2000,17.05,3.9
310041102152901,31.0116,-102.2585,23529,2001,16.65,4.2
310041102152901,31.0116,-102.2585,23529,2002,16.81,4.2
310041102152901,31.0116,-102.2585,23529,2004,16.04,4.3
310041102152901,31.0116,-102.2585,23529,2005,15.31,3.6
310041102152901,31.0116,-102.2585,23529,2006,14.55,3.9
310041102152901,31.0116,-102.2585,23529,2007,16.84,4.0
310041102152901,31.0116,-102.2585,23529,2008,15.91,4.0
310041102152901,31.0116,-102.2585,23529,2009,14.41,4.0
310041102152901,31.0116,-102.2585,23529,2010,14.65,4.1
311340103040101,31.2279,-103.0677,21928,2000,99.97,5.9
311340103040101,31.2279,-103.0677,21928,2001,99.24,6.9
311340103040101,31.2279,-103.0677,21928,2002,97.3,7.8
311340103040101,31.2279,-103.0677,21928,2004,100.43,9.3
311340103040101,31.2279,-103.0677,21928,2005,101.27,9.4
311340103040101,31.2279,-103.0677,21928,2006,102.27,9.6
311340103040101,31.2279,-103.0677,21928,2007,97.27,9.9
311340103040101,31.2279,-103.0677,21928,2008,94.86,10.1
311340103040101,31.2279,-103.0677,21928,2009,97.25,10.4
311340103040101,31.2279,-103.0677,21928,2010,95.37,10.8
322120104151501,32.3561,-104.2547,15073,2000,41.88,50.5
322120104151501,32.3561,-104.2547,15073,2001,43.36,50.5
322120104151501,32.3561,-104.2547,15073,2002,44.95,50.5
322120104151501,32.3561,-104.2547,15073,2003,43.63,50.4
322120104151501,32.3561,-104.2547,15073,2004,45.37,50.4
322120104151501,32.3561,-104.2547,15073,2005,41.64,50.1
322120104151501,32.3561,-104.2547,15073,2006,42.07,50.0
322120104151501,32.3561,-104.2547,15073,2007,41.45,49.9
322120104151501,32.3561,-104.2547,15073,2008,41.35,49.7
322120104151501,32.3561,-104.2547,15073,2009,39.63,49.7
322120104151501,32.3561,-104.2547,15073,2010,40.55,49.6
322120104151501,32.3561,-104.2547,15073,2011,41.61,49.6
322637104142301,32.4425,-104.2414,14682,2000,7.35,23.9
322637104142301,32.4425,-104.2414,14682,2001,7.41,23.9
322637104142301,32.4425,-104.2414,14682,2002,7.37,23.8
322637104142301,32.4425,-104.2414,14682,2003,7.67,23.8
322637104142301,32.4425,-104.2414,14682,2004,7.0,23.8
322637104142301,32.4425,-104.2414,14682,2005,6.59,23.6
322637104142301,32.4425,-104.2414,14682,2006,7.03,23.5
322637104142301,32.4425,-104.2414,14682,2007,6.77,23.3
322637104142301,32.4425,-104.2414,14682,2008,7.16,23.2
322637104142301,32.4425,-104.2414,14682,2009,7.17,23.1
322637104142301,32.4425,-104.2414,14682,2010,7.13,23.0
322637104142301,32.4425,-104.2414,14682,2012,7.03,22.9
322637104142301,32.4425,-104.2414,14682,2013,7.17,22.9
322637104142301,32.4425,-104.2414,14682,2014,6.68,22.8
322637104142301,32.4425,-104.2414,14682,2015,6.13,22.7
322637104142301,32.4425,-104.2414,14682,2016,6.15,22.6
322637104142301,32.4425,-104.2414,14682,2017,6.63,22.5
322637104142301,32.4425,-104.2414,14682,2018,6.88,22.4
322637104142301,32.4425,-104.2414,14682,2019,6.84,22.4
322637104142301,32.4425,-104.2414,14682,2021,7.07,22.4
322637104142301,32.4425,-104.2414,14682,2022,6.72,22.3
322637104142301,32.4425,-104.2414,14682,2023,6.91,22.3
322637104142301,32.4425,-104.2414,14682,2024,6.87,22.3
322637104142301,32.4425,-104.2414,14682,2025,6.76,22.3
324620104255001,32.7733,-104.4133,12755,2000,35.38,20.4
324620104255001,32.7733,-104.4133,12755,2001,34.35,23.9
324620104255001,32.7733,-104.4133,12755,2002,38.93,26.9
324620104255001,32.7733,-104.4133,12755,2003,38.38,29.2
324620104255001,32.7733,-104.4133,12755,2004,35.27,31.4
324620104255001,32.7733,-104.4133,12755,2005,33.68,31.6
324620104255001,32.7733,-104.4133,12755,2006,35.05,32.4
324620104255001,32.7733,-104.4133,12755,2007,34.24,31.6
324620104255001,32.7733,-104.4133,12755,2008,37.27,33.0
324620104255001,32.7733,-104.4133,12755,2009,38.68,33.6
324620104255001,32.7733,-104.4133,12755,2010,37.79,35.4
324620104255001,32.7733,-104.4133,12755,2011,37.32,37.0
324620104255001,32.7733,-104.4133,12755,2016,48.09,43.6
324620104255001,32.7733,-104.4133,12755,2017,50.44,45.1
324620104255001,32.7733,-104.4133,12755,2018,33.19,46.9
324620104255001,32.7733,-104.4133,12755,2020,30.66,50.6
324620104255001,32.7733,-104.4133,12755,2021,33.55,52.4
325638104274801,32.9442,-104.4644,11837,2000,16.37,17.4
325638104274801,32.9442,-104.4644,11837,2001,17.02,22.0
325638104274801,32.9442,-104.4644,11837,2002,17.69,26.0
325638104274801,32.9442,-104.4644,11837,2003,17.56,29.3
325638104274801,32.9442,-104.4644,11837,2004,18.2,32.2
325638104274801,32.9442,-104.4644,11837,2005,18.91,34.5
325845104295501,32.9978,-104.5203,11556,2000,14.81,51.3
325845104295501,32.9978,-104.5203,11556,2001,20.99,54.9
325845104295501,32.9978,-104.5203,11556,2003,17.62,62.1
325845104295501,32.9978,-104.5203,11556,2004,17.55,65.5
325845104295501,32.9978,-104.5203,11556,2005,13.38,68.4
331002104254701,33.1673,-104.4302,10761,2000,16.65,24.9
331002104254701,33.1673,-104.4302,10761,2001,13.95,28.0
331002104254701,33.1673,-104.4302,10761,2002,15.88,30.9
331002104254701,33.1673,-104.4302,10761,2003,19.38,33.6
331002104254701,33.1673,-104.4302,10761,2004,12.64,36.1
331002104254701,33.1673,-104.4302,10761,2005,-4.95,38.4
331002104254701,33.1673,-104.4302,10761,2006,0.67,40.7
331002104254701,33.1673,-104.4302,10761,2007,-4.94,43.0
331002104254701,33.1673,-104.4302,10761,2008,-4.86,45.2
331002104254701,33.1673,-104.4302,10761,2009,-2.28,47.4
331002104254701,33.1673,-104.4302,10761,2010,-5.1,49.5
331002104254701,33.1673,-104.4302,10761,2011,0.05,51.7
331002104254701,33.1673,-104.4302,10761,2012,-3.97,53.8
331002104254701,33.1673,-104.4302,10761,2013,0.86,55.9
331002104254701,33.1673,-104.4302,10761,2014,-3.47,57.9
331002104254701,33.1673,-104.4302,10761,2015,-4.75,59.9
331002104254701,33.1673,-104.4302,10761,2016,-0.61,61.9
331002104254701,33.1673,-104.4302,10761,2017,-2.99,64.0
331002104254701,33.1673,-104.4302,10761,2018,-1.88,66.0
331525104245201,33.2569,-104.415,10318,2000,14.92,25.0
331525104245201,33.2569,-104.415,10318,2001,13.98,27.9
331525104245201,33.2569,-104.415,10318,2002,17.9,30.2
331525104245201,33.2569,-104.415,10318,2003,17.55,32.4
331525104245201,33.2569,-104.415,10318,2004,13.54,34.5
331525104245201,33.2569,-104.415,10318,2005,16.08,36.2
331525104245201,33.2569,-104.415,10318,2006,16.48,37.8
331525104245201,33.2569,-104.415,10318,2007,14.75,39.1
331525104245201,33.2569,-104.415,10318,2008,15.3,40.5
331525104245201,33.2569,-104.415,10318,2009,21.16,42.1
331525104245201,33.2569,-104.415,10318,2010,16.92,44.0
331525104245201,33.2569,-104.415,10318,2011,24.08,45.7
332005105400201,33.3367,-105.6684,9798,2002,48.16,3.1
332005105400201,33.3367,-105.6684,9798,2003,48.86,3.0
332005105400201,33.3367,-105.6684,9798,2006,49.01,2.9
332005105400201,33.3367,-105.6684,9798,2007,46.96,2.9
332005105400201,33.3367,-105.6684,9798,2008,47.65,2.9
332005105400201,33.3367,-105.6684,9798,2009,47.98,2.9
332005105400201,33.3367,-105.6684,9798,2010,47.61,2.9
332005105400201,33.3367,-105.6684,9798,2011,49.13,3.0
332005105400201,33.3367,-105.6684,9798,2012,48.48,3.0
332005105400201,33.3367,-105.6684,9798,2013,48.12,3.0
332005105400201,33.3367,-105.6684,9798,2014,47.78,3.0
332005105400201,33.3367,-105.6684,9798,2018,48.82,3.0
332144105411901,33.3626,-105.691,9703,2002,-22.58,2.1
332144105411901,33.3626,-105.691,9703,2003,-22.52,1.9
332144105411901,33.3626,-105.691,9703,2006,-21.65,1.6
332144105411901,33.3626,-105.691,9703,2007,-23.16,1.3
332144105411901,33.3626,-105.691,9703,2008,-22.66,1.5
332144105411901,33.3626,-105.691,9703,2009,-22.41,1.6
332144105411901,33.3626,-105.691,9703,2010,-22.47,1.5
332144105411901,33.3626,-105.691,9703,2011,-22.32,1.8
332144105411901,33.3626,-105.691,9703,2012,-22.27,1.9
332144105411901,33.3626,-105.691,9703,2013,-22.36,2.0
332144105411901,33.3626,-105.691,9703,2014,-22.8,1.9
332144105411901,33.3626,-105.691,9703,2018,-22.44,1.9
332615104303601,33.4376,-104.5105,9368,2000,3.36,20.5
332615104303601,33.4376,-104.5105,9368,2001,3.39,22.0
332615104303601,33.4376,-104.5105,9368,2002,4.11,23.2
332615104303601,33.4376,-104.5105,9368,2003,4.79,24.5
332615104303601,33.4376,-104.5105,9368,2004,4.99,25.6
332615104303601,33.4376,-104.5105,9368,2005,3.82,26.5
332937105314501,33.4946,-105.5307,8916,2002,57.5,3.1
332937105314501,33.4946,-105.5307,8916,2003,57.67,3.1
332937105314501,33.4946,-105.5307,8916,2006,57.28,3.1
332937105314501,33.4946,-105.5307,8916,2007,56.53,3.1
332937105314501,33.4946,-105.5307,8916,2008,56.52,3.1
332937105314501,33.4946,-105.5307,8916,2009,56.56,3.1
332937105314501,33.4946,-105.5307,8916,2010,56.69,3.1
332937105314501,33.4946,-105.5307,8916,2011,56.56,3.1
332937105314501,33.4946,-105.5307,8916,2012,56.96,3.1
332937105314501,33.4946,-105.5307,8916,2013,56.67,3.1
332937105314501,33.4946,-105.5307,8916,2014,56.92,3.1
332937105314501,33.4946,-105.5307,8916,2016,57.37,3.0
332937105314501,33.4946,-105.5307,8916,2017,57.25,3.0
332937105314501,33.4946,-105.5307,8916,2018,57.19,3.1
332937105314501,33.4946,-105.5307,8916,2019,57.18,3.0
332937105314501,33.4946,-105.5307,8916,2020,57.16,3.0
332937105314501,33.4946,-105.5307,8916,2021,57.16,3.1
332937105314501,33.4946,-105.5307,8916,2022,57.26,3.1
332937105314501,33.4946,-105.5307,8916,2023,57.19,3.0
332937105314501,33.4946,-105.5307,8916,2024,57.34,3.1
332937105314501,33.4946,-105.5307,8916,2025,57.2,3.0
352949105144301,35.497,-105.2454,619,2010,56.56,22.5
352949105144301,35.497,-105.2454,619,2011,62.11,22.6
352949105144301,35.497,-105.2454,619,2013,72.55,22.8
352949105144301,35.497,-105.2454,619,2014,68.84,22.9
352949105144301,35.497,-105.2454,619,2015,61.29,22.9
352949105144301,35.497,-105.2454,619,2016,51.59,23.0
352949105144301,35.497,-105.2454,619,2017,48.71,23.0
352949105144301,35.497,-105.2454,619,2018,40.11,23.0
352949105144301,35.497,-105.2454,619,2019,38.86,23.1
352949105144301,35.497,-105.2454,619,2020,39.87,23.1
352949105144301,35.497,-105.2454,619,2021,40.16,23.3
352949105144301,35.497,-105.2454,619,2022,40.26,23.4
352949105144301,35.497,-105.2454,619,2023,40.41,23.5
352949105144301,35.497,-105.2454,619,2024,39.76,23.5
352949105144301,35.497,-105.2454,619,2025,35.97,23.5
TWDB_4525713,31.5397,-102.9924,19825,2025,37.49,7.9
TWDB_4525715,31.5414,-102.995,19825,2012,37.88,9.1
TWDB_4525715,31.5414,-102.995,19825,2013,38.29,9.0
TWDB_4525715,31.5414,-102.995,19825,2014,38.32,9.2
TWDB_4525715,31.5414,-102.995,19825,2015,38.14,8.5
TWDB_4525715,31.5414,-102.995,19825,2016,37.8,7.3
TWDB_4525715,31.5414,-102.995,19825,2017,37.61,7.3
TWDB_4525715,31.5414,-102.995,19825,2018,37.4,7.0
TWDB_4525715,31.5414,-102.995,19825,2019,37.21,6.4
TWDB_4525715,31.5414,-102.995,19825,2020,37.15,6.6
TWDB_4525715,31.5414,-102.995,19825,2022,36.97,7.2
TWDB_4525715,31.5414,-102.995,19825,2023,36.93,7.3
TWDB_4525715,31.5414,-102.995,19825,2024,36.99,7.6
TWDB_4525715,31.5414,-102.995,19825,2025,37.05,7.9
TWDB_4526203,31.62,-102.8104,19232,2024,13.0,24.8
TWDB_4526203,31.62,-102.8104,19232,2025,13.05,24.8
TWDB_4557603,31.0567,-102.9072,23347,2008,19.8,23.6
TWDB_4557603,31.0567,-102.9072,23347,2009,19.91,23.6
TWDB_4557603,31.0567,-102.9072,23347,2010,19.72,23.5
TWDB_4557603,31.0567,-102.9072,23347,2011,19.71,23.4
TWDB_4557603,31.0567,-102.9072,23347,2012,20.72,23.3
TWDB_4557603,31.0567,-102.9072,23347,2013,21.02,23.2
TWDB_4563705,31.0172,-102.2356,23530,2008,12.41,4.1
TWDB_4563705,31.0172,-102.2356,23530,2009,12.29,4.1
TWDB_4563705,31.0172,-102.2356,23530,2010,12.11,4.4
TWDB_4563705,31.0172,-102.2356,23530,2011,12.23,4.2
TWDB_4563705,31.0172,-102.2356,23530,2012,12.73,4.7
TWDB_4563705,31.0172,-102.2356,23530,2013,13.0,5.4
TWDB_4615924,31.7581,-103.1597,18401,2013,27.22,13.5
TWDB_4615924,31.7581,-103.1597,18401,2014,27.1,13.7
TWDB_4615924,31.7581,-103.1597,18401,2015,26.63,13.5
TWDB_4615924,31.7581,-103.1597,18401,2016,26.15,13.5
TWDB_4615924,31.7581,-103.1597,18401,2017,26.24,13.6
TWDB_4615924,31.7581,-103.1597,18401,2018,27.08,13.8
TWDB_4615924,31.7581,-103.1597,18401,2019,27.67,13.9
TWDB_4615924,31.7581,-103.1597,18401,2020,28.23,14.1
TWDB_4615924,31.7581,-103.1597,18401,2021,28.11,14.2
TWDB_4615924,31.7581,-103.1597,18401,2022,28.67,14.3
TWDB_4615924,31.7581,-103.1597,18401,2023,28.65,14.4
TWDB_4615924,31.7581,-103.1597,18401,2024,29.22,14.5
TWDB_4615924,31.7581,-103.1597,18401,2025,29.17,14.6
TWDB_4644501,31.3242,-103.5439,21259,2000,39.4,3.3
TWDB_4644501,31.3242,-103.5439,21259,2001,38.52,3.9
TWDB_4644501,31.3242,-103.5439,21259,2002,37.87,4.1
TWDB_4644501,31.3242,-103.5439,21259,2003,40.43,4.2
TWDB_4644501,31.3242,-103.5439,21259,2004,40.64,4.3
TWDB_4644501,31.3242,-103.5439,21259,2005,41.17,3.6
TWDB_4644501,31.3242,-103.5439,21259,2006,40.75,3.9
TWDB_4644501,31.3242,-103.5439,21259,2007,40.73,4.1
TWDB_4644501,31.3242,-103.5439,21259,2008,41.33,4.2
TWDB_4644501,31.3242,-103.5439,21259,2009,41.37,3.6
TWDB_4644501,31.3242,-103.5439,21259,2010,42.02,4.1
TWDB_4644501,31.3242,-103.5439,21259,2011,43.04,4.4
TWDB_4644501,31.3242,-103.5439,21259,2012,43.17,4.6
TWDB_4644501,31.3242,-103.5439,21259,2013,44.22,4.8
TWDB_4644501,31.3242,-103.5439,21259,2014,45.43,4.9
TWDB_4644501,31.3242,-103.5439,21259,2015,45.71,5.0
TWDB_4644501,31.3242,-103.5439,21259,2016,46.57,5.0
TWDB_4644501,31.3242,-103.5439,21259,2017,47.98,5.1
TWDB_4644501,31.3242,-103.5439,21259,2018,48.85,5.1
TWDB_4644501,31.3242,-103.5439,21259,2019,47.67,5.2
TWDB_4644501,31.3242,-103.5439,21259,2020,47.17,5.3
TWDB_4644501,31.3242,-103.5439,21259,2021,46.4,5.5
TWDB_4644501,31.3242,-103.5439,21259,2022,45.88,5.5
TWDB_4644501,31.3242,-103.5439,21259,2023,45.26,5.6
TWDB_4644501,31.3242,-103.5439,21259,2024,45.07,5.6
TWDB_4644501,31.3242,-103.5439,21259,2025,44.46,5.7
TWDB_4648806,31.2904,-103.0501,21540,2012,78.84,4.6
TWDB_4648806,31.2904,-103.0501,21540,2013,78.85,4.7
TWDB_4648806,31.2904,-103.0501,21540,2014,78.94,4.8
TWDB_4648806,31.2904,-103.0501,21540,2015,78.59,5.0
TWDB_4648806,31.2904,-103.0501,21540,2016,78.37,5.0
TWDB_4648806,31.2904,-103.0501,21540,2017,78.42,4.9
TWDB_4648806,31.2904,-103.0501,21540,2018,78.99,5.0
TWDB_4648806,31.2904,-103.0501,21540,2019,78.39,5.1
TWDB_4648806,31.2904,-103.0501,21540,2020,78.38,5.1
TWDB_4648806,31.2904,-103.0501,21540,2021,78.71,5.3
TWDB_4648806,31.2904,-103.0501,21540,2022,79.13,5.4
TWDB_4648806,31.2904,-103.0501,21540,2023,79.24,5.5
TWDB_4648806,31.2904,-103.0501,21540,2024,80.51,5.7
TWDB_4648806,31.2904,-103.0501,21540,2025,80.99,5.8
TWDB_4655603,31.1836,-103.1347,22324,2008,68.94,15.4
TWDB_4655603,31.1836,-103.1347,22324,2009,69.17,15.7
TWDB_4655603,31.1836,-103.1347,22324,2010,68.8,16.3
TWDB_4655603,31.1836,-103.1347,22324,2011,69.72,17.1
TWDB_4655603,31.1836,-103.1347,22324,2012,69.43,17.9
TWDB_4655603,31.1836,-103.1347,22324,2013,70.06,18.5
TWDB_4655603,31.1836,-103.1347,22324,2014,70.19,19.2
TWDB_4656309,31.2098,-103.0026,22063,2008,59.76,10.1
TWDB_4656309,31.2098,-103.0026,22063,2009,60.02,10.3
TWDB_4656309,31.2098,-103.0026,22063,2010,61.21,10.5
TWDB_4656309,31.2098,-103.0026,22063,2011,61.69,10.7
TWDB_4656309,31.2098,-103.0026,22063,2012,62.19,10.9
TWDB_4656309,31.2098,-103.0026,22063,2013,62.43,11.2
TWDB_4662501,31.0436,-103.3211,23478,2013,50.44,57.3
TWDB_4662501,31.0436,-103.3211,23478,2014,50.44,57.3
TWDB_5124901,30.6372,-104.0281,26762,2011,82.99,3.4
TWDB_5124901,30.6372,-104.0281,26762,2012,83.6,3.6
TWDB_5124901,30.6372,-104.0281,26762,2013,83.07,3.5
TWDB_5124901,30.6372,-104.0281,26762,2014,82.66,3.6
TWDB_5206604,30.9303,-103.2706,24365,2008,84.94,51.8
TWDB_5206604,30.9303,-103.2706,24365,2009,83.14,51.4
TWDB_5206604,30.9303,-103.2706,24365,2010,80.46,51.0
TWDB_5206604,30.9303,-103.2706,24365,2011,82.86,50.6
TWDB_5206604,30.9303,-103.2706,24365,2012,81.26,50.2
TWDB_5206604,30.9303,-103.2706,24365,2013,81.95,49.8
TWDB_5206604,30.9303,-103.2706,24365,2014,81.19,49.4
TWDB_5207304,30.9831,-103.1611,23934,2012,54.46,60.8
TWDB_5207304,30.9831,-103.1611,23934,2013,58.24,61.0
TWDB_5207304,30.9831,-103.1611,23934,2014,60.61,61.2
TWDB_5207905,30.9156,-103.135,24516,2012,59.79,57.9
TWDB_5207905,30.9156,-103.135,24516,2013,57.13,58.2
TWDB_5208802,30.9011,-103.0467,24520,2010,33.18,50.6
TWDB_5208802,30.9011,-103.0467,24520,2011,33.53,51.1
TWDB_5208802,30.9011,-103.0467,24520,2012,34.95,51.7
TWDB_5208802,30.9011,-103.0467,24520,2013,35.98,52.2
TWDB_5208802,30.9011,-103.0467,24520,2014,36.58,52.8
TWDB_5216311,30.8678,-103.0158,24811,2011,19.22,32.6
TWDB_5216311,30.8678,-103.0158,24811,2012,16.56,33.6
TWDB_5216311,30.8678,-103.0158,24811,2013,17.02,34.6
TWDB_5216802,30.7911,-103.0429,25380,2000,70.3,20.2
TWDB_5216802,30.7911,-103.0429,25380,2001,75.97,22.1
TWDB_5216802,30.7911,-103.0429,25380,2002,71.42,23.9
TWDB_5216802,30.7911,-103.0429,25380,2003,69.37,25.5
TWDB_5216802,30.7911,-103.0429,25380,2004,63.44,27.0
TWDB_5216802,30.7911,-103.0429,25380,2005,62.0,27.7
TWDB_5216802,30.7911,-103.0429,25380,2006,65.41,28.6
TWDB_5216802,30.7911,-103.0429,25380,2007,61.53,29.8
TWDB_5216802,30.7911,-103.0429,25380,2008,65.78,31.0
TWDB_5216802,30.7911,-103.0429,25380,2009,65.49,32.1
TWDB_5216802,30.7911,-103.0429,25380,2010,66.53,33.2
TWDB_5216802,30.7911,-103.0429,25380,2011,71.33,34.2
TWDB_5216802,30.7911,-103.0429,25380,2012,70.62,35.1
TWDB_5216802,30.7911,-103.0429,25380,2013,70.95,36.1
TWDB_5216802,30.7911,-103.0429,25380,2014,71.99,37.0
TWDB_5216802,30.7911,-103.0429,25380,2015,68.38,37.9
TWDB_5216802,30.7911,-103.0429,25380,2016,67.46,38.3
TWDB_5216802,30.7911,-103.0429,25380,2017,66.87,39.1
TWDB_5216802,30.7911,-103.0429,25380,2018,67.09,39.9
TWDB_5216802,30.7911,-103.0429,25380,2019,65.06,40.4
TWDB_5216802,30.7911,-103.0429,25380,2020,67.44,40.6
TWDB_5216802,30.7911,-103.0429,25380,2021,68.68,41.3
TWDB_5216802,30.7911,-103.0429,25380,2022,68.39,42.0
TWDB_5216802,30.7911,-103.0429,25380,2023,66.65,42.6
TWDB_5216802,30.7911,-103.0429,25380,2024,70.96,43.3
TWDB_5216802,30.7911,-103.0429,25380,2025,69.09,44.0
TWDB_5223603,30.7025,-103.1517,26087,2008,92.86,10.9
TWDB_5223603,30.7025,-103.1517,26087,2009,91.77,11.0
TWDB_5223603,30.7025,-103.1517,26087,2010,92.04,11.0
TWDB_5223603,30.7025,-103.1517,26087,2011,92.98,11.1
TWDB_5223603,30.7025,-103.1517,26087,2012,91.91,11.1
TWDB_5223603,30.7025,-103.1517,26087,2013,91.91,11.2
TWDB_5225209,30.5906,-103.9436,27044,2001,54.3,4.1
TWDB_5225209,30.5906,-103.9436,27044,2002,54.42,4.1
TWDB_5225209,30.5906,-103.9436,27044,2003,54.62,4.1
TWDB_5225209,30.5906,-103.9436,27044,2004,54.66,4.1
TWDB_5225209,30.5906,-103.9436,27044,2005,54.35,3.7
TWDB_5225209,30.5906,-103.9436,27044,2006,54.54,3.8
TWDB_5225209,30.5906,-103.9436,27044,2007,54.61,3.9
TWDB_5225209,30.5906,-103.9436,27044,2008,54.74,4.0
TWDB_5225209,30.5906,-103.9436,27044,2009,54.91,4.0
TWDB_5225209,30.5906,-103.9436,27044,2010,54.98,4.0
TWDB_5225209,30.5906,-103.9436,27044,2011,55.07,4.0
TWDB_5225209,30.5906,-103.9436,27044,2012,55.22,4.1
TWDB_5225209,30.5906,-103.9436,27044,2013,55.36,4.1
TWDB_5225209,30.5906,-103.9436,27044,2014,55.24,4.1
TWDB_5225209,30.5906,-103.9436,27044,2015,55.38,4.0
TWDB_5225209,30.5906,-103.9436,27044,2016,55.51,4.0
TWDB_5225209,30.5906,-103.9436,27044,2017,55.55,4.0
TWDB_5225209,30.5906,-103.9436,27044,2018,55.62,4.1
TWDB_5225209,30.5906,-103.9436,27044,2019,55.76,4.1
TWDB_5225209,30.5906,-103.9436,27044,2020,55.81,4.1
TWDB_5225209,30.5906,-103.9436,27044,2021,55.96,4.1
TWDB_5225209,30.5906,-103.9436,27044,2022,56.03,4.1
TWDB_5225209,30.5906,-103.9436,27044,2023,56.07,4.1
TWDB_5225209,30.5906,-103.9436,27044,2024,56.24,4.1
TWDB_5225209,30.5906,-103.9436,27044,2025,56.3,4.1
TWDB_5225509,30.5478,-103.9281,27451,2009,43.07,7.7
TWDB_5225509,30.5478,-103.9281,27451,2010,39.79,7.6
TWDB_5230107,30.6214,-103.3639,26793,2014,62.92,2.9
TWDB_5230107,30.6214,-103.3639,26793,2015,63.4,2.9
TWDB_5230107,30.6214,-103.3639,26793,2016,63.98,2.8
TWDB_5230107,30.6214,-103.3639,26793,2017,64.44,2.9
TWDB_5230107,30.6214,-103.3639,26793,2018,65.2,2.9
TWDB_5230107,30.6214,-103.3639,26793,2019,67.32,2.9
TWDB_5230107,30.6214,-103.3639,26793,2020,68.98,2.9
TWDB_5230107,30.6214,-103.3639,26793,2021,70.05,2.9
TWDB_5230107,30.6214,-103.3639,26793,2022,71.34,2.9
TWDB_5230107,30.6214,-103.3639,26793,2023,71.88,2.9
TWDB_5230107,30.6214,-103.3639,26793,2024,72.36,2.9
TWDB_5230107,30.6214,-103.3639,26793,2025,72.98,2.9
TWDB_5234302,30.4944,-103.7533,27721,2009,64.79,8.1
TWDB_5234302,30.4944,-103.7533,27721,2010,68.33,8.2
TWDB_5234302,30.4944,-103.7533,27721,2011,71.8,8.2
TWDB_5234302,30.4944,-103.7533,27721,2012,72.21,8.4
TWDB_5235710,30.382,-103.721,28404,2009,66.68,68.1
TWDB_5235710,30.382,-103.721,28404,2010,69.5,68.2
TWDB_5301209,30.9903,-102.9239,23797,2010,32.29,24.1
TWDB_5301209,30.9903,-102.9239,23797,2011,34.03,24.2
TWDB_5301209,30.9903,-102.9239,23797,2012,35.23,24.4
TWDB_5301209,30.9903,-102.9239,23797,2013,35.82,24.6
TWDB_5301209,30.9903,-102.9239,23797,2014,34.37,24.8
TWDB_5306901,30.8992,-102.2892,24557,2008,74.54,6.1
TWDB_5306901,30.8992,-102.2892,24557,2009,74.37,6.3
TWDB_5306901,30.8992,-102.2892,24557,2010,74.19,6.7
TWDB_5306901,30.8992,-102.2892,24557,2011,74.27,6.9
TWDB_5306901,30.8992,-102.2892,24557,2012,73.76,7.3
TWDB_5306901,30.8992,-102.2892,24557,2013,73.94,7.7
TWDB_5306901,30.8992,-102.2892,24557,2014,74.47,8.0
TWDB_5309301,30.8579,-102.8928,24960,2021,40.7,26.6
TWDB_5309301,30.8579,-102.8928,24960,2022,40.08,27.0
TWDB_5309301,30.8579,-102.8928,24960,2023,39.2,27.4
TWDB_5309301,30.8579,-102.8928,24960,2024,40.49,27.8
TWDB_5309301,30.8579,-102.8928,24960,2025,40.6,28.1
TWDB_5312301,30.844,-102.5218,24977,2014,42.75,4.4
TWDB_5312301,30.844,-102.5218,24977,2015,42.61,4.5
TWDB_5312301,30.844,-102.5218,24977,2016,42.64,4.1
TWDB_5312301,30.844,-102.5218,24977,2017,43.05,3.9
TWDB_5312301,30.844,-102.5218,24977,2018,42.77,4.3
TWDB_5312301,30.844,-102.5218,24977,2019,42.51,4.6
TWDB_5312301,30.844,-102.5218,24977,2020,42.64,5.0
TWDB_5312301,30.844,-102.5218,24977,2023,43.56,6.1
TWDB_5312301,30.844,-102.5218,24977,2024,43.58,6.4
TWDB_5312301,30.844,-102.5218,24977,2025,43.5,6.7
TWDB_5312802,30.7725,-102.5822,25544,2009,103.03,31.6
TWDB_5312802,30.7725,-102.5822,25544,2010,102.65,31.6
TWDB_5312802,30.7725,-102.5822,25544,2011,101.8,31.5
TWDB_5316601,30.8289,-102.0361,25001,2008,68.46,12.1
TWDB_5316601,30.8289,-102.0361,25001,2009,68.27,12.2
TWDB_5316601,30.8289,-102.0361,25001,2010,68.57,12.6
TWDB_5316601,30.8289,-102.0361,25001,2011,68.81,12.9
TWDB_5316601,30.8289,-102.0361,25001,2012,68.96,13.4
TWDB_5316601,30.8289,-102.0361,25001,2013,69.06,13.8
TWDB_5334401,30.4417,-102.8439,28099,2008,117.33,91.0
TWDB_5334401,30.4417,-102.8439,28099,2009,116.92,90.9
TWDB_5334401,30.4417,-102.8439,28099,2010,119.25,90.9
TWDB_5334401,30.4417,-102.8439,28099,2011,122.87,90.7
TWDB_5334401,30.4417,-102.8439,28099,2012,124.05,91.1
TWDB_5334401,30.4417,-102.8439,28099,2013,126.72,91.6
TWDB_5418510,30.6781,-101.8167,26151,2008,52.25,12.4
TWDB_5418510,30.6781,-101.8167,26151,2009,49.86,12.4
TWDB_5418510,30.6781,-101.8167,26151,2010,50.95,12.6
TWDB_5418510,30.6781,-101.8167,26151,2011,51.5,12.8
TWDB_5418510,30.6781,-101.8167,26151,2012,53.08,13.1
TWDB_5418510,30.6781,-101.8167,26151,2013,54.04,13.3
TWDB_5425401,30.5797,-101.9777,26999,2024,64.87,7.3
TWDB_5425401,30.5797,-101.9777,26999,2025,65.31,7.5
TWDB_5434501,30.4192,-101.8157,28120,2024,109.21,91.7
TWDB_5434501,30.4192,-101.8157,28120,2025,109.25,91.6
