id,lat,lon,n_years,mean_obs_m,mean_sim_m,mean_bias_m
304711103003301,30.7864,-103.0093,2.0,103.5,54.55,-48.95
305042102595601,30.8451,-102.999,2.0,40.03,26.5,-13.530000000000001
305110102533401,30.8529,-102.8928,19.0,38.85578947368422,24.142105263157895,-14.713684210526315
310041102152901,31.0116,-102.2585,10.0,15.822,4.0200000000000005,-11.802
311340103040101,31.2279,-103.0677,10.0,98.523,9.010000000000002,-89.513
322120104151501,32.3561,-104.2547,12.0,42.29083333333334,50.074999999999996,7.784166666666667
322637104142301,32.4425,-104.2414,24.0,6.937083333333334,22.987499999999997,16.050416666666667
324620104255001,32.7733,-104.4133,17.0,37.192352941176466,35.588235294117645,-1.6041176470588245
325638104274801,32.9442,-104.4644,6.0,17.625,26.900000000000002,9.275
325845104295501,32.9978,-104.5203,5.0,16.869999999999997,60.44,43.57
331002104254701,33.1673,-104.4302,19.0,2.1199999999999997,46.77894736842106,44.65894736842106
331525104245201,33.2569,-104.415,12.0,16.888333333333332,36.28333333333334,19.395
332005105400201,33.3367,-105.6684,12.0,48.21333333333334,2.9666666666666663,-45.24666666666667
332144105411901,33.3626,-105.691,12.0,-22.47,1.75,24.219999999999995
332615104303601,33.4376,-104.5105,6.0,4.076666666666667,23.71666666666667,19.64
332937105314501,33.4946,-105.5307,21.0,57.055238095238096,3.0714285714285716,-53.98380952380952
352949105144301,35.497,-105.2454,15.0,49.13666666666666,23.073333333333334,-26.063333333333336
TWDB_4525713,31.5397,-102.9924,1.0,37.49,7.9,-29.590000000000003
TWDB_4525715,31.5414,-102.995,13.0,37.51846153846154,7.723076923076922,-29.795384615384613
TWDB_4526203,31.62,-102.8104,2.0,13.025,24.8,11.775
TWDB_4557603,31.0567,-102.9072,6.0,20.146666666666665,23.433333333333334,3.286666666666667
TWDB_4563705,31.0172,-102.2356,6.0,12.461666666666668,4.483333333333333,-7.978333333333334
TWDB_4615924,31.7581,-103.1597,13.0,27.703076923076928,13.96923076923077,-13.733846153846153
TWDB_4644501,31.3242,-103.5439,26.0,43.504230769230766,4.638461538461539,-38.86576923076923
TWDB_4648806,31.2904,-103.0501,14.0,79.025,5.135714285714285,-73.88928571428572
TWDB_4655603,31.1836,-103.1347,7.0,69.47285714285714,17.15714285714286,-52.31571428571429
TWDB_4656309,31.2098,-103.0026,6.0,61.21666666666667,10.616666666666665,-50.599999999999994
TWDB_4662501,31.0436,-103.3211,2.0,50.44,57.3,6.859999999999999
TWDB_5124901,30.6372,-104.0281,4.0,83.07999999999998,3.525,-79.55499999999999
TWDB_5206604,30.9303,-103.2706,7.0,82.25714285714285,50.6,-31.657142857142855
TWDB_5207304,30.9831,-103.1611,3.0,57.77,61.0,3.229999999999999
TWDB_5207905,30.9156,-103.135,2.0,58.46,58.05,-0.41000000000000014
TWDB_5208802,30.9011,-103.0467,5.0,34.84400000000001,51.68000000000001,16.836000000000002
TWDB_5216311,30.8678,-103.0158,3.0,17.599999999999998,33.6,16.000000000000004
TWDB_5216802,30.7911,-103.0429,26.0,68.0076923076923,34.34230769230769,-33.66538461538461
TWDB_5223603,30.7025,-103.1517,6.0,92.245,11.049999999999999,-81.195
TWDB_5225209,30.5906,-103.9436,25.0,55.24999999999999,4.036,-51.214
TWDB_5225509,30.5478,-103.9281,2.0,41.43,7.65,-33.78
TWDB_5230107,30.6214,-103.3639,12.0,67.90416666666667,2.891666666666666,-65.0125
TWDB_5234302,30.4944,-103.7533,4.0,69.2825,8.225,-61.0575
TWDB_5235710,30.382,-103.721,2.0,68.09,68.15,0.05999999999999517
TWDB_5301209,30.9903,-102.9239,5.0,34.348,24.419999999999995,-9.927999999999997
TWDB_5306901,30.8992,-102.2892,7.0,74.22,7.0,-67.22000000000001
TWDB_5309301,30.8579,-102.8928,5.0,40.214,27.380000000000003,-12.834
TWDB_5312301,30.844,-102.5218,10.0,42.961,5.0,-37.961
TWDB_5312802,30.7725,-102.5822,3.0,102.49333333333334,31.566666666666666,-70.92666666666668
TWDB_5316601,30.8289,-102.0361,6.0,68.68833333333333,12.833333333333334,-55.85499999999999
TWDB_5334401,30.4417,-102.8439,6.0,121.19,91.03333333333335,-30.156666666666666
TWDB_5418510,30.6781,-101.8167,6.0,51.946666666666665,12.766666666666667,-39.18
TWDB_5425401,30.5797,-101.9777,2.0,65.09,7.4,-57.690000000000005
TWDB_5434501,30.4192,-101.8157,2.0,109.22999999999999,91.65,-17.58
