dam_key,month,release_Mm3,storage_af
SantaRosa,2000-01,0.005,97151.3
SantaRosa,2000-02,0.0055,97834.1
SantaRosa,2000-03,0.0088,98249.7
SantaRosa,2000-04,18.1576,90573.7
SantaRosa,2000-05,42.6287,67436.5
SantaRosa,2000-06,0.0044,49601.3
SantaRosa,2000-07,27.9153,45980.0
SantaRosa,2000-08,35.9629,18828.7
SantaRosa,2000-09,0.001,3377.3
SantaRosa,2000-10,1.3962,4349.0
SantaRosa,2000-11,0.0099,10857.0
SantaRosa,2000-12,0.0036,12146.8
SantaRosa,2001-01,0.0038,13203.5
SantaRosa,2001-02,0.0009,14675.4
SantaRosa,2001-03,0.0049,18964.2
SantaRosa,2001-04,0.0014,27455.0
SantaRosa,2001-05,19.775,32870.3
SantaRosa,2001-06,0.0009,33503.3
SantaRosa,2001-07,37.5459,16200.6
SantaRosa,2001-08,0.0075,8128.4
SantaRosa,2001-09,0.0014,13277.3
SantaRosa,2001-10,0.0021,14137.4
SantaRosa,2001-11,0.0055,14897.3
SantaRosa,2001-12,0.001,15621.6
SantaRosa,2002-01,0.001,16348.7
SantaRosa,2002-02,0.0007,16936.4
SantaRosa,2002-03,15.5098,6480.0
SantaRosa,2002-04,0.0008,4281.7
SantaRosa,2002-05,1.4076,4554.5
SantaRosa,2002-06,0.6964,3531.3
SantaRosa,2002-07,0.002,4079.8
SantaRosa,2002-08,2.1286,6133.9
SantaRosa,2002-09,1.0714,10268.8
SantaRosa,2002-10,0.0015,12089.4
SantaRosa,2002-11,0.0015,12301.3
SantaRosa,2002-12,0.0011,12554.5
SantaRosa,2003-01,0.0009,12796.8
SantaRosa,2003-02,0.0046,12976.8
SantaRosa,2003-03,0.0008,13082.6
SantaRosa,2003-04,0.0008,13074.0
SantaRosa,2003-05,0.0006,15824.5
SantaRosa,2003-06,22.2443,15643.4
SantaRosa,2003-07,0.0005,3034.2
SantaRosa,2003-08,0.0,3024.6
SantaRosa,2003-09,1.1493,3846.8
SantaRosa,2003-10,0.0037,4591.9
SantaRosa,2003-11,0.0018,4896.3
SantaRosa,2003-12,0.0012,5011.2
SantaRosa,2004-01,0.001,5139.1
SantaRosa,2004-02,4.4218,2848.2
SantaRosa,2004-03,0.0008,2120.3
SantaRosa,2004-04,0.0012,23648.5
SantaRosa,2004-05,0.0079,41128.7
SantaRosa,2004-06,0.0008,45257.0
SantaRosa,2004-07,0.0021,47903.9
SantaRosa,2004-08,0.0014,54089.7
SantaRosa,2004-09,45.1419,43854.0
SantaRosa,2004-10,0.0112,27678.1
SantaRosa,2004-11,0.0,29755.7
SantaRosa,2004-12,0.0,30093.9
SantaRosa,2005-01,0.0,31211.6
SantaRosa,2005-02,0.0,34544.6
SantaRosa,2005-03,0.0,43143.9
SantaRosa,2005-04,0.0,62854.3
SantaRosa,2005-05,34.9395,90435.5
SantaRosa,2005-06,15.8374,95416.7
SantaRosa,2005-07,0.0,94808.7
SantaRosa,2005-08,4.4041,95506.5
SantaRosa,2005-09,4.2057,95276.0
SantaRosa,2005-10,3.6608,94761.9
SantaRosa,2005-11,3.2295,93823.0
SantaRosa,2005-12,10.2511,83741.3
SantaRosa,2006-01,0.0,83500.0
SantaRosa,2006-02,20.402,80882.1
SantaRosa,2006-03,1.008,65997.7
SantaRosa,2006-04,0.0,65379.0
SantaRosa,2006-05,0.7535,64527.4
SantaRosa,2006-06,48.2121,35726.0
SantaRosa,2006-07,0.0,28418.7
SantaRosa,2006-08,0.0001,44606.5
SantaRosa,2006-09,0.1291,76094.3
SantaRosa,2006-10,0.0,79878.7
SantaRosa,2006-11,0.0,79418.3
SantaRosa,2006-12,0.0,79010.3
SantaRosa,2007-01,0.0,79383.5
SantaRosa,2007-02,15.9663,77808.6
SantaRosa,2007-03,0.7046,66070.6
SantaRosa,2007-04,0.0,72515.7
SantaRosa,2007-05,0.0,82927.7
SantaRosa,2007-06,6.6425,93254.3
SantaRosa,2007-07,26.3858,71029.4
SantaRosa,2007-08,13.2826,70529.7
SantaRosa,2007-09,13.4951,51007.3
SantaRosa,2007-10,0.0,50188.7
SantaRosa,2007-11,0.0,49827.3
SantaRosa,2007-12,0.0,50261.6
SantaRosa,2008-01,0.0,50587.7
SantaRosa,2008-02,0.0045,50699.7
SantaRosa,2008-03,32.5125,31962.3
SantaRosa,2008-04,0.0,32097.7
SantaRosa,2008-05,0.0,43447.1
SantaRosa,2008-06,43.8548,47287.3
SantaRosa,2008-07,0.0,25990.3
SantaRosa,2008-08,11.7313,29124.8
SantaRosa,2008-09,0.0,28413.0
SantaRosa,2008-10,0.0,29776.8
SantaRosa,2008-11,0.0075,30495.7
SantaRosa,2008-12,0.0078,30858.1
SantaRosa,2009-01,0.0078,31242.6
SantaRosa,2009-02,0.007,31628.9
SantaRosa,2009-03,0.0078,28306.1
SantaRosa,2009-04,0.0075,24435.3
SantaRosa,2009-05,0.0078,37601.6
SantaRosa,2009-06,0.0075,43715.7
SantaRosa,2009-07,0.0078,30968.7
SantaRosa,2009-08,0.0078,34118.1
SantaRosa,2009-09,0.0075,25968.0
SantaRosa,2009-10,0.0078,22848.1
SantaRosa,2009-11,0.0075,23618.7
SantaRosa,2009-12,0.0078,24119.0
SantaRosa,2010-01,0.0671,24553.5
SantaRosa,2010-02,0.0353,25124.6
SantaRosa,2010-03,8.4053,24391.6
SantaRosa,2010-04,0.1219,31451.7
SantaRosa,2010-05,0.1615,53011.3
SantaRosa,2010-06,29.617,62852.3
SantaRosa,2010-07,0.1715,53683.9
SantaRosa,2010-08,0.1128,65426.5
SantaRosa,2010-09,35.2701,61357.3
SantaRosa,2010-10,0.035,43038.1
SantaRosa,2010-11,0.0308,42858.7
SantaRosa,2010-12,0.0211,42785.8
SantaRosa,2011-01,0.0078,42791.3
SantaRosa,2011-02,0.005,42918.2
SantaRosa,2011-03,25.6578,31619.7
SantaRosa,2011-04,0.0189,22281.0
SantaRosa,2011-05,0.0195,21671.9
SantaRosa,2011-06,0.0188,20854.3
SantaRosa,2011-07,13.4752,10949.9
SantaRosa,2011-08,0.0155,8572.1
SantaRosa,2011-09,0.0114,9202.5
SantaRosa,2011-10,0.0099,9904.1
SantaRosa,2011-11,0.0111,9867.5
SantaRosa,2011-12,0.0062,10026.0
SantaRosa,2012-01,0.0037,10162.3
SantaRosa,2012-02,0.0035,10159.7
SantaRosa,2012-03,4.767,7705.4
SantaRosa,2012-04,0.0036,10778.7
SantaRosa,2012-05,11.4936,15563.5
SantaRosa,2012-06,4.5737,10376.3
SantaRosa,2012-07,0.0037,6498.9
SantaRosa,2012-08,2.8626,5765.9
SantaRosa,2012-09,0.0036,4630.2
SantaRosa,2012-10,0.0037,4863.2
SantaRosa,2012-11,0.0036,4814.1
SantaRosa,2012-12,0.0037,4797.5
SantaRosa,2013-01,0.0037,4825.6
SantaRosa,2013-02,0.0034,4832.5
SantaRosa,2013-03,2.7505,3573.0
SantaRosa,2013-04,0.0071,2773.6
SantaRosa,2013-05,0.0062,2672.3
SantaRosa,2013-06,0.0059,3182.5
SantaRosa,2013-07,0.0234,5787.2
SantaRosa,2013-08,0.0002,10214.6
SantaRosa,2013-09,3.1846,59268.0
SantaRosa,2013-10,0.0072,101177.4
SantaRosa,2013-11,0.0036,99787.3
SantaRosa,2013-12,0.0052,98913.9
SantaRosa,2014-01,0.0037,98185.2
SantaRosa,2014-02,0.0013,97420.4
SantaRosa,2014-03,0.0005,96499.4
SantaRosa,2014-04,27.5607,91823.3
SantaRosa,2014-05,8.5782,64973.2
SantaRosa,2014-06,26.1324,66012.0
SantaRosa,2014-07,5.0949,49302.3
SantaRosa,2014-08,0.0004,70947.4
SantaRosa,2014-09,0.0,71842.0
SantaRosa,2014-10,0.0,71184.5
SantaRosa,2014-11,0.0,70154.3
SantaRosa,2014-12,0.0001,69528.1
SantaRosa,2015-01,0.0024,69351.3
SantaRosa,2015-02,0.0004,69364.3
SantaRosa,2015-03,0.0065,69594.5
SantaRosa,2015-04,0.004,73489.3
SantaRosa,2015-05,0.0206,81679.0
SantaRosa,2015-06,24.2546,101513.3
SantaRosa,2015-07,0.0077,96325.2
SantaRosa,2015-08,9.0559,100264.8
SantaRosa,2015-09,0.0108,100843.3
SantaRosa,2015-10,0.0575,102822.6
SantaRosa,2015-11,12.3806,97733.0
SantaRosa,2015-12,0.0663,96820.6
SantaRosa,2016-01,0.0114,96826.8
SantaRosa,2016-02,0.0077,96819.7
SantaRosa,2016-03,0.0057,98838.1
SantaRosa,2016-04,0.0291,101378.0
SantaRosa,2016-05,11.6887,100352.6
SantaRosa,2016-06,18.1281,103801.0
SantaRosa,2016-07,13.7399,83700.3
SantaRosa,2016-08,38.7181,73671.9
SantaRosa,2016-09,0.0,56846.7
SantaRosa,2016-10,0.0004,56461.3
SantaRosa,2016-11,0.013,56461.0
SantaRosa,2016-12,0.0213,56266.5
SantaRosa,2017-01,0.0234,51362.9
SantaRosa,2017-02,0.0106,
SantaRosa,2017-03,0.0041,
SantaRosa,2017-04,0.008,
SantaRosa,2017-05,0.0039,
SantaRosa,2017-06,46.2281,
SantaRosa,2017-07,7.2765,
SantaRosa,2017-08,0.0251,
SantaRosa,2017-09,0.0316,
SantaRosa,2017-10,0.0721,
SantaRosa,2017-11,0.0347,
SantaRosa,2017-12,0.0396,
SantaRosa,2018-01,0.0304,
SantaRosa,2018-02,0.0115,
SantaRosa,2018-03,0.0049,
SantaRosa,2018-04,0.0027,
SantaRosa,2018-05,0.0,
SantaRosa,2018-06,0.0001,
SantaRosa,2018-07,46.3289,
SantaRosa,2018-08,0.0,
SantaRosa,2018-09,9.2457,
SantaRosa,2018-10,0.0092,
SantaRosa,2018-11,0.0045,
SantaRosa,2018-12,0.0039,
SantaRosa,2019-01,0.004,
SantaRosa,2019-02,0.0034,
SantaRosa,2019-03,0.0115,
SantaRosa,2019-04,0.0036,
SantaRosa,2019-05,45.8584,
SantaRosa,2019-06,0.005,
SantaRosa,2019-07,30.0588,
SantaRosa,2019-08,0.005,
SantaRosa,2019-09,26.785,
SantaRosa,2019-10,0.0047,
SantaRosa,2019-11,0.0096,
SantaRosa,2019-12,0.0087,
SantaRosa,2020-01,0.0126,
SantaRosa,2020-02,0.0152,
SantaRosa,2020-03,0.0106,
SantaRosa,2020-04,0.0147,
SantaRosa,2020-05,0.0092,
SantaRosa,2020-06,46.8494,
SantaRosa,2020-07,0.0025,
SantaRosa,2020-08,0.0041,
SantaRosa,2020-09,3.6324,
SantaRosa,2020-10,1.4016,
SantaRosa,2020-11,0.0099,
SantaRosa,2020-12,0.0193,
Sumner,2000-01,2.0453,33924.8
Sumner,2000-02,28.2065,29078.6
Sumner,2000-03,7.0011,15756.5
Sumner,2000-04,7.8657,21790.7
Sumner,2000-05,48.7455,23401.3
Sumner,2000-06,6.9947,26081.0
Sumner,2000-07,47.1638,21927.7
Sumner,2000-08,44.6157,11671.0
Sumner,2000-09,6.4296,7678.7
Sumner,2000-10,4.6118,9436.5
Sumner,2000-11,0.5936,21475.3
Sumner,2000-12,0.5391,26155.8
Sumner,2001-01,0.0716,29899.0
Sumner,2001-02,0.5103,32587.1
Sumner,2001-03,4.0456,35729.4
Sumner,2001-04,7.5012,30602.7
Sumner,2001-05,57.4675,25911.3
Sumner,2001-06,8.0296,34000.0
Sumner,2001-07,37.7628,25760.3
Sumner,2001-08,7.347,24607.4
Sumner,2001-09,8.426,15646.0
Sumner,2001-10,7.0925,10842.6
Sumner,2001-11,0.8667,8636.3
Sumner,2001-12,2.6325,8333.5
Sumner,2002-01,2.4197,11654.2
Sumner,2002-02,4.9592,13755.4
Sumner,2002-03,36.9456,6209.6
Sumner,2002-04,6.4883,1497.1
Sumner,2002-05,5.7274,443.1
Sumner,2002-06,4.2709,1005.0
Sumner,2002-07,5.7403,1376.7
Sumner,2002-08,6.1604,845.7
Sumner,2002-09,3.6172,2461.7
Sumner,2002-10,5.6721,3478.7
Sumner,2002-11,1.911,5696.7
Sumner,2002-12,1.9186,8780.4
Sumner,2003-01,1.8939,11717.4
Sumner,2003-02,3.4604,14202.9
Sumner,2003-03,6.4139,14018.1
Sumner,2003-04,5.872,12983.3
Sumner,2003-05,6.8621,11379.7
Sumner,2003-06,34.5595,7842.7
Sumner,2003-07,5.9422,3170.3
Sumner,2003-08,5.6227,2202.9
Sumner,2003-09,5.632,2238.3
Sumner,2003-10,5.8187,5047.4
Sumner,2003-11,0.8697,7419.0
Sumner,2003-12,2.1393,10226.8
Sumner,2004-01,2.2532,12786.1
Sumner,2004-02,2.7925,17000.7
Sumner,2004-03,29.2544,6241.7
Sumner,2004-04,3.7701,6486.2
Sumner,2004-05,7.8669,6157.7
Sumner,2004-06,6.8125,3375.1
Sumner,2004-07,5.7215,2537.7
Sumner,2004-08,4.519,3440.1
Sumner,2004-09,47.476,4867.9
Sumner,2004-10,5.6587,13702.4
Sumner,2004-11,0.6735,17545.7
Sumner,2004-12,0.6704,21582.9
Sumner,2005-01,6.0837,25711.0
Sumner,2005-02,5.495,29339.6
Sumner,2005-03,6.0837,32360.0
Sumner,2005-04,5.8875,31935.7
Sumner,2005-05,6.0837,35242.9
Sumner,2005-06,5.8875,42956.0
Sumner,2005-07,6.0837,40194.8
Sumner,2005-08,6.0837,38106.8
Sumner,2005-09,5.8875,40120.0
Sumner,2005-10,6.0837,38871.6
Sumner,2005-11,5.8875,30225.3
Sumner,2005-12,6.0837,17980.6
Sumner,2006-01,6.0837,22975.8
Sumner,2006-02,5.495,23627.5
Sumner,2006-03,6.0837,19794.5
Sumner,2006-04,5.8875,18265.7
Sumner,2006-05,6.0837,16633.9
Sumner,2006-06,5.8875,12300.7
Sumner,2006-07,6.0837,14398.1
Sumner,2006-08,6.0837,17402.3
Sumner,2006-09,5.8875,23732.3
Sumner,2006-10,6.0837,22522.9
Sumner,2006-11,5.8875,23731.0
Sumner,2006-12,6.0837,27100.0
Sumner,2007-01,6.0837,30344.8
Sumner,2007-02,5.495,33821.8
Sumner,2007-03,6.0837,28665.5
Sumner,2007-04,5.8875,26939.0
Sumner,2007-05,6.0837,25481.9
Sumner,2007-06,5.8875,23129.0
Sumner,2007-07,6.0837,26099.0
Sumner,2007-08,6.0837,23787.4
Sumner,2007-09,5.8875,21471.7
Sumner,2007-10,6.0837,18780.6
Sumner,2007-11,5.8875,19273.7
Sumner,2007-12,6.0837,22769.0
Sumner,2008-01,6.0837,25953.2
Sumner,2008-02,5.6912,28121.4
Sumner,2008-03,6.0837,25187.4
Sumner,2008-04,5.8875,21590.3
Sumner,2008-05,6.0837,18914.2
Sumner,2008-06,5.8875,16802.3
Sumner,2008-07,6.0837,17513.2
Sumner,2008-08,6.0837,17863.2
Sumner,2008-09,5.8875,14750.7
Sumner,2008-10,6.0837,12258.1
Sumner,2008-11,5.8875,13538.3
Sumner,2008-12,6.0837,17458.1
Sumner,2009-01,6.0837,20511.0
Sumner,2009-02,5.495,23427.9
Sumner,2009-03,6.0837,21460.0
Sumner,2009-04,5.8875,15153.3
Sumner,2009-05,6.0837,13599.4
Sumner,2009-06,5.8875,10057.8
Sumner,2009-07,6.0837,12582.9
Sumner,2009-08,6.0837,12724.5
Sumner,2009-09,5.8875,13873.3
Sumner,2009-10,6.0837,16146.8
Sumner,2009-11,5.8875,18733.3
Sumner,2009-12,6.0837,22306.1
Sumner,2010-01,1.5116,25532.9
Sumner,2010-02,1.5975,29120.7
Sumner,2010-03,23.2337,29287.7
Sumner,2010-04,7.4079,21524.7
Sumner,2010-05,8.9808,19189.0
Sumner,2010-06,36.2407,16010.7
Sumner,2010-07,7.7577,15073.9
Sumner,2010-08,7.4336,16665.2
Sumner,2010-09,38.4563,16202.3
Sumner,2010-10,7.8685,15550.0
Sumner,2010-11,0.8822,16977.7
Sumner,2010-12,1.9362,20004.2
Sumner,2011-01,2.1133,22762.9
Sumner,2011-02,4.1313,24973.6
Sumner,2011-03,37.6957,20303.2
Sumner,2011-04,6.3912,16085.7
Sumner,2011-05,7.3246,13811.9
Sumner,2011-06,8.6783,9709.7
Sumner,2011-07,20.2596,5769.9
Sumner,2011-08,6.5489,3995.6
Sumner,2011-09,5.907,2917.6
Sumner,2011-10,5.7356,2379.7
Sumner,2011-11,1.8767,3608.5
Sumner,2011-12,1.173,7116.3
Sumner,2012-01,1.2811,10999.1
Sumner,2012-02,1.4843,14057.6
Sumner,2012-03,23.1285,11835.5
Sumner,2012-04,7.8415,4376.6
Sumner,2012-05,10.5037,3311.7
Sumner,2012-06,10.1341,4192.4
Sumner,2012-07,6.7655,3527.2
Sumner,2012-08,5.071,3084.1
Sumner,2012-09,4.9718,4337.6
Sumner,2012-10,5.4557,4186.1
Sumner,2012-11,1.7914,5226.4
Sumner,2012-12,1.5795,8120.4
Sumner,2013-01,1.4986,11165.3
Sumner,2013-02,1.0256,13953.6
Sumner,2013-03,20.0972,10617.4
Sumner,2013-04,5.5647,5681.6
Sumner,2013-05,4.9318,5352.5
Sumner,2013-06,7.2319,4614.2
Sumner,2013-07,6.9862,5377.4
Sumner,2013-08,7.2568,5182.7
Sumner,2013-09,13.0355,23473.6
Sumner,2013-10,8.3194,32154.2
Sumner,2013-11,1.2543,32960.3
Sumner,2013-12,1.2341,36114.8
Sumner,2014-01,1.0868,39240.6
Sumner,2014-02,0.9123,42301.1
Sumner,2014-03,5.4559,43298.1
Sumner,2014-04,31.0568,41098.3
Sumner,2014-05,30.0199,30925.5
Sumner,2014-06,28.6035,29097.7
Sumner,2014-07,19.3859,33743.9
Sumner,2014-08,18.2291,37993.2
Sumner,2014-09,5.3983,36683.3
Sumner,2014-10,6.0406,36443.5
Sumner,2014-11,0.8728,37467.3
Sumner,2014-12,1.7063,40527.1
Sumner,2015-01,1.5364,43984.2
Sumner,2015-02,1.6797,46918.6
Sumner,2015-03,4.6939,47993.5
Sumner,2015-04,16.0959,43927.3
Sumner,2015-05,6.5423,35787.4
Sumner,2015-06,31.8869,34305.0
Sumner,2015-07,8.6232,32261.6
Sumner,2015-08,30.7812,35069.4
Sumner,2015-09,6.9997,32378.7
Sumner,2015-10,12.6781,30875.5
Sumner,2015-11,0.772,37278.3
Sumner,2015-12,1.8839,42233.9
Sumner,2016-01,2.352,45329.4
Sumner,2016-02,5.0063,46056.6
Sumner,2016-03,8.8535,44718.7
Sumner,2016-04,12.7265,41124.7
Sumner,2016-05,25.2996,30527.1
Sumner,2016-06,21.2056,31375.3
Sumner,2016-07,25.1668,24882.9
Sumner,2016-08,42.6957,22025.2
Sumner,2016-09,5.8455,23441.7
Sumner,2016-10,7.3587,19378.4
Sumner,2016-11,0.5785,20385.3
Sumner,2016-12,1.5104,25241.6
Sumner,2017-01,1.8509,28657.4
Sumner,2017-02,1.4121,
Sumner,2017-03,6.5978,
Sumner,2017-04,7.6235,
Sumner,2017-05,7.4654,
Sumner,2017-06,47.3104,
Sumner,2017-07,19.4015,
Sumner,2017-08,6.7767,
Sumner,2017-09,6.8025,
Sumner,2017-10,4.0589,
Sumner,2017-11,0.2829,
Sumner,2017-12,1.0816,
Sumner,2018-01,1.7202,
Sumner,2018-02,3.1244,
Sumner,2018-03,5.0707,
Sumner,2018-04,19.535,
Sumner,2018-05,5.8704,
Sumner,2018-06,6.8627,
Sumner,2018-07,48.5473,
Sumner,2018-08,5.3149,
Sumner,2018-09,19.9345,
Sumner,2018-10,3.0759,
Sumner,2018-11,0.3255,
Sumner,2018-12,1.1121,
Sumner,2019-01,1.2259,
Sumner,2019-02,1.839,
Sumner,2019-03,5.83,
Sumner,2019-04,8.5628,
Sumner,2019-05,49.4222,
Sumner,2019-06,7.9777,
Sumner,2019-07,33.7957,
Sumner,2019-08,8.0674,
Sumner,2019-09,31.02,
Sumner,2019-10,6.3697,
Sumner,2019-11,0.0005,
Sumner,2019-12,1.0582,
Sumner,2020-01,1.5299,
Sumner,2020-02,1.1196,
Sumner,2020-03,6.9942,
Sumner,2020-04,8.1324,
Sumner,2020-05,9.3385,
Sumner,2020-06,53.4104,
Sumner,2020-07,8.582,
Sumner,2020-08,8.6212,
Sumner,2020-09,6.6982,
Sumner,2020-10,5.9219,
Sumner,2020-11,0.977,
Sumner,2020-12,1.2879,
Brantley,2000-01,0.7927,18091.6
Brantley,2000-02,4.1714,22923.4
Brantley,2000-03,11.2493,31652.6
Brantley,2000-04,18.753,22546.7
Brantley,2000-05,20.3995,16778.7
Brantley,2000-06,11.675,18653.7
Brantley,2000-07,28.5784,10879.4
Brantley,2000-08,16.6025,15247.1
Brantley,2000-09,13.3779,20479.0
Brantley,2000-10,16.5144,9368.7
Brantley,2000-11,6.914,12626.0
Brantley,2000-12,2.2826,15404.5
Brantley,2001-01,2.378,18035.2
Brantley,2001-02,2.0184,20723.9
Brantley,2001-03,3.9145,22971.6
Brantley,2001-04,15.9468,17638.0
Brantley,2001-05,18.4839,12981.0
Brantley,2001-06,21.0723,21069.3
Brantley,2001-07,15.7046,12508.4
Brantley,2001-08,9.9526,11676.8
Brantley,2001-09,8.7758,11966.3
Brantley,2001-10,8.1691,10842.6
Brantley,2001-11,8.7221,8657.3
Brantley,2001-12,5.1398,8343.2
Brantley,2002-01,2.231,10171.9
Brantley,2002-02,2.2173,12953.2
Brantley,2002-03,2.7634,21935.5
Brantley,2002-04,9.7976,27963.0
Brantley,2002-05,10.8946,20858.7
Brantley,2002-06,14.136,13961.3
Brantley,2002-07,6.4017,12442.6
Brantley,2002-08,5.4546,9130.3
Brantley,2002-09,7.5218,10466.3
Brantley,2002-10,4.063,11692.6
Brantley,2002-11,1.8645,13383.7
Brantley,2002-12,11.8198,11166.7
Brantley,2003-01,0.4063,14375.8
Brantley,2003-02,0.6811,18222.5
Brantley,2003-03,2.1354,20532.9
Brantley,2003-04,16.1481,14652.7
Brantley,2003-05,7.8944,8431.6
Brantley,2003-06,6.3124,6207.0
Brantley,2003-07,7.8728,12080.3
Brantley,2003-08,7.1856,7922.9
Brantley,2003-09,6.5272,4704.9
Brantley,2003-10,3.6926,5964.8
Brantley,2003-11,8.7791,6050.6
Brantley,2003-12,1.6307,5156.2
Brantley,2004-01,1.7591,7269.9
Brantley,2004-02,1.7446,9421.1
Brantley,2004-03,1.9991,18904.8
Brantley,2004-04,2.4341,35443.3
Brantley,2004-05,18.9925,30665.8
Brantley,2004-06,15.7324,19340.0
Brantley,2004-07,13.9677,13331.3
Brantley,2004-08,8.0424,11393.9
Brantley,2004-09,10.123,9852.3
Brantley,2004-10,7.8077,37003.5
Brantley,2004-11,29.9659,35822.0
Brantley,2004-12,1.6835,33614.5
Brantley,2005-01,1.9654,39379.7
Brantley,2005-02,1.7752,42697.1
Brantley,2005-03,1.9654,39749.4
Brantley,2005-04,1.902,30563.0
Brantley,2005-05,1.9654,23685.5
Brantley,2005-06,1.902,33913.3
Brantley,2005-07,1.9654,23212.9
Brantley,2005-08,1.9654,18690.3
Brantley,2005-09,1.902,18478.0
Brantley,2005-10,1.9654,13153.5
Brantley,2005-11,1.902,14789.4
Brantley,2005-12,1.9654,14517.6
Brantley,2006-01,1.9654,14283.9
Brantley,2006-02,1.7752,19261.8
Brantley,2006-03,1.9654,34258.1
Brantley,2006-04,1.902,29087.3
Brantley,2006-05,1.9654,16971.6
Brantley,2006-06,1.902,19947.3
Brantley,2006-07,1.9654,19242.3
Brantley,2006-08,1.9654,15402.3
Brantley,2006-09,1.902,23906.0
Brantley,2006-10,1.9654,20404.8
Brantley,2006-11,1.902,19097.3
Brantley,2006-12,1.9654,16459.7
Brantley,2007-01,1.9654,20013.5
Brantley,2007-02,1.7752,23673.6
Brantley,2007-03,1.9654,37335.5
Brantley,2007-04,1.902,37654.7
Brantley,2007-05,1.9654,34490.6
Brantley,2007-06,1.902,26954.0
Brantley,2007-07,1.9654,26193.2
Brantley,2007-08,1.9654,24095.2
Brantley,2007-09,1.902,24221.7
Brantley,2007-10,1.9654,23750.0
Brantley,2007-11,1.902,8107.1
Brantley,2007-12,1.9654,9968.2
Brantley,2008-01,1.9654,13003.9
Brantley,2008-02,1.8386,15587.6
Brantley,2008-03,1.9654,26568.1
Brantley,2008-04,1.902,27559.7
Brantley,2008-05,1.9654,20353.5
Brantley,2008-06,1.902,12869.7
Brantley,2008-07,1.9654,26817.4
Brantley,2008-08,1.9654,26299.7
Brantley,2008-09,1.902,33961.7
Brantley,2008-10,1.9654,27603.2
Brantley,2008-11,1.902,16460.7
Brantley,2008-12,1.9654,17390.6
Brantley,2009-01,1.9654,19601.3
Brantley,2009-02,1.7752,21294.3
Brantley,2009-03,1.9654,23315.5
Brantley,2009-04,1.902,27041.7
Brantley,2009-05,1.9654,20809.4
Brantley,2009-06,1.902,13410.0
Brantley,2009-07,1.9654,18425.8
Brantley,2009-08,1.9654,19996.8
Brantley,2009-09,1.902,15792.3
Brantley,2009-10,1.9654,13505.8
Brantley,2009-11,1.902,12531.0
Brantley,2009-12,1.9654,14322.9
Brantley,2010-01,1.9111,17350.0
Brantley,2010-02,1.6556,21047.9
Brantley,2010-03,1.8394,24204.5
Brantley,2010-04,13.5051,31115.7
Brantley,2010-05,15.5297,26564.2
Brantley,2010-06,19.1981,18019.7
Brantley,2010-07,4.105,25240.6
Brantley,2010-08,18.4421,19383.5
Brantley,2010-09,6.8731,14227.0
Brantley,2010-10,18.3701,22563.5
Brantley,2010-11,22.3923,9103.6
Brantley,2010-12,1.753,10080.9
Brantley,2011-01,1.8707,12316.5
Brantley,2011-02,1.795,13970.0
Brantley,2011-03,5.4546,20391.9
Brantley,2011-04,12.6742,25157.3
Brantley,2011-05,10.5335,18561.0
Brantley,2011-06,10.8559,11321.6
Brantley,2011-07,10.7842,8240.9
Brantley,2011-08,4.9697,7869.2
Brantley,2011-09,4.0445,6520.6
Brantley,2011-10,1.4505,6442.0
Brantley,2011-11,1.4005,7581.6
Brantley,2011-12,1.486,9679.6
Brantley,2012-01,1.537,12280.3
Brantley,2012-02,1.5185,14135.9
Brantley,2012-03,1.6643,16621.6
Brantley,2012-04,8.5068,19254.7
Brantley,2012-05,7.5793,16864.8
Brantley,2012-06,11.4537,11198.3
Brantley,2012-07,4.7509,7612.1
Brantley,2012-08,3.6066,5140.2
Brantley,2012-09,5.3144,3861.0
Brantley,2012-10,1.4394,2988.9
Brantley,2012-11,1.3734,3416.6
Brantley,2012-12,1.4628,4223.2
Brantley,2013-01,1.5738,5584.7
Brantley,2013-02,1.4713,6860.4
Brantley,2013-03,1.766,9004.8
Brantley,2013-04,5.4436,11200.9
Brantley,2013-05,5.2832,8757.0
Brantley,2013-06,3.3226,5815.4
Brantley,2013-07,1.4315,5662.3
Brantley,2013-08,4.0162,5152.2
Brantley,2013-09,32.0089,20429.8
Brantley,2013-10,18.0177,26264.5
Brantley,2013-11,1.9038,27526.3
Brantley,2013-12,1.6645,30743.9
Brantley,2014-01,1.4872,32741.0
Brantley,2014-02,1.3329,34015.0
Brantley,2014-03,4.6943,34321.9
Brantley,2014-04,22.8361,26031.3
Brantley,2014-05,31.3637,22903.9
Brantley,2014-06,17.464,29696.0
Brantley,2014-07,14.3958,34120.6
Brantley,2014-08,16.2072,38431.0
Brantley,2014-09,5.9975,50207.7
Brantley,2014-10,2.8799,77764.5
Brantley,2014-11,2.0806,78848.0
Brantley,2014-12,2.0203,80445.5
Brantley,2015-01,1.9731,82146.1
Brantley,2015-02,1.8053,83938.9
Brantley,2015-03,2.5737,84844.8
Brantley,2015-04,16.8978,78421.3
Brantley,2015-05,10.6013,76439.0
Brantley,2015-06,21.5498,74948.0
Brantley,2015-07,13.9366,74261.9
Brantley,2015-08,57.4508,62928.4
Brantley,2015-09,53.5611,34790.3
Brantley,2015-10,3.8413,25187.4
Brantley,2015-11,1.5423,38091.0
Brantley,2015-12,1.5491,41907.1
Brantley,2016-01,22.4902,39392.6
Brantley,2016-02,7.3557,32198.6
Brantley,2016-03,6.5372,34342.9
Brantley,2016-04,14.9634,28751.3
Brantley,2016-05,13.6433,29808.4
Brantley,2016-06,13.3553,24693.3
Brantley,2016-07,16.1322,24151.3
Brantley,2016-08,9.5603,18383.9
Brantley,2016-09,2.7037,34815.3
Brantley,2016-10,11.7495,33328.4
Brantley,2016-11,1.7698,31856.7
Brantley,2016-12,1.7462,34181.3
Brantley,2017-01,1.8463,35915.2
Brantley,2017-02,1.3856,37569.3
Brantley,2017-03,6.9119,37754.5
Brantley,2017-04,12.262,
Brantley,2017-05,13.2368,
Brantley,2017-06,17.0282,
Brantley,2017-07,13.2653,
Brantley,2017-08,9.1487,
Brantley,2017-09,11.2915,
Brantley,2017-10,6.4993,
Brantley,2017-11,0.0192,
Brantley,2017-12,0.0384,
Brantley,2018-01,0.0919,
Brantley,2018-02,0.8017,
Brantley,2018-03,12.5213,
Brantley,2018-04,16.3069,
Brantley,2018-05,12.0127,
Brantley,2018-06,19.8419,
Brantley,2018-07,15.5873,
Brantley,2018-08,13.5836,
Brantley,2018-09,8.3052,
Brantley,2018-10,3.5369,
Brantley,2018-11,0.0328,
Brantley,2018-12,0.0343,
Brantley,2019-01,2.1973,
Brantley,2019-02,1.5095,
Brantley,2019-03,5.7703,
Brantley,2019-04,16.9374,
Brantley,2019-05,13.7346,
Brantley,2019-06,13.3924,
Brantley,2019-07,13.6873,
Brantley,2019-08,17.8624,
Brantley,2019-09,11.6031,
Brantley,2019-10,6.7121,
Brantley,2019-11,0.0314,
Brantley,2019-12,0.1562,
Brantley,2020-01,3.1927,
Brantley,2020-02,4.3537,
Brantley,2020-03,6.8741,
Brantley,2020-04,16.6881,
Brantley,2020-05,16.2881,
Brantley,2020-06,18.3322,
Brantley,2020-07,12.1661,
Brantley,2020-08,8.5882,
Brantley,2020-09,8.4837,
Brantley,2020-10,7.5203,
Brantley,2020-11,1.4051,
Brantley,2020-12,1.5377,
Avalon,2000-01,0.2503,86.5
Avalon,2000-02,0.0,818.0
Avalon,2000-03,0.0,1315.8
Avalon,2000-04,0.0,1023.1
Avalon,2000-05,0.0,1068.8
Avalon,2000-06,0.0,1209.3
Avalon,2000-07,9.1243,1261.9
Avalon,2000-08,0.0,1231.6
Avalon,2000-09,0.0,1208.0
Avalon,2000-10,8.8428,1283.1
Avalon,2000-11,5.8931,1661.7
Avalon,2000-12,0.5193,2221.9
Avalon,2001-01,0.0,2823.5
Avalon,2001-02,0.0,3190.7
Avalon,2001-03,0.0,3209.0
Avalon,2001-04,0.0,1184.7
Avalon,2001-05,0.0,1225.2
Avalon,2001-06,0.0,1097.5
Avalon,2001-07,0.0,1249.7
Avalon,2001-08,0.0,1266.8
Avalon,2001-09,0.0,1274.0
Avalon,2001-10,0.0,1434.5
Avalon,2001-11,8.4807,1450.1
Avalon,2001-12,3.4016,1305.9
Avalon,2002-01,0.0365,1982.9
Avalon,2002-02,0.2219,2590.0
Avalon,2002-03,0.2236,2949.7
Avalon,2002-04,0.0491,1804.2
Avalon,2002-05,0.0,1099.4
Avalon,2002-06,2.1905,1274.0
Avalon,2002-07,0.0563,2344.8
Avalon,2002-08,0.0012,1215.9
Avalon,2002-09,0.0472,1825.5
Avalon,2002-10,0.0055,1471.4
Avalon,2002-11,0.2365,2391.8
Avalon,2002-12,13.1596,1230.5
Avalon,2003-01,0.0285,15.2
Avalon,2003-02,0.0,128.7
Avalon,2003-03,0.0,579.8
Avalon,2003-04,0.0,1148.6
Avalon,2003-05,0.0,1278.4
Avalon,2003-06,0.0,1380.0
Avalon,2003-07,0.0,1281.9
Avalon,2003-08,0.0,1572.9
Avalon,2003-09,0.0,1561.0
Avalon,2003-10,0.0,1361.3
Avalon,2003-11,7.1776,1623.1
Avalon,2003-12,0.0,1420.0
Avalon,2004-01,0.0,2026.7
Avalon,2004-02,0.0,2514.7
Avalon,2004-03,0.0,3010.2
Avalon,2004-04,38.6397,3654.4
Avalon,2004-05,0.0,1400.8
Avalon,2004-06,0.0073,1439.6
Avalon,2004-07,0.0375,2025.7
Avalon,2004-08,0.0159,2353.0
Avalon,2004-09,0.0,1300.2
Avalon,2004-10,0.0,2718.3
Avalon,2004-11,32.4673,1883.9
Avalon,2004-12,0.0104,1134.6
Avalon,2005-01,0.0,1781.3
Avalon,2005-02,0.0,3511.1
Avalon,2005-03,0.0,3751.3
Avalon,2005-04,0.0,1308.8
Avalon,2005-05,0.0,1231.6
Avalon,2005-06,0.0,1299.1
Avalon,2005-07,0.0,1320.5
Avalon,2005-08,0.0,1573.0
Avalon,2005-09,0.0,1388.8
Avalon,2005-10,0.0,1508.9
Avalon,2005-11,0.0,1694.2
Avalon,2005-12,0.0,1726.6
Avalon,2006-01,0.0,2015.1
Avalon,2006-02,0.0,2520.7
Avalon,2006-03,0.0,1671.9
Avalon,2006-04,0.0,1234.8
Avalon,2006-05,0.0,1419.7
Avalon,2006-06,0.0,1241.6
Avalon,2006-07,0.0,1198.1
Avalon,2006-08,0.0,1379.7
Avalon,2006-09,0.0,1724.4
Avalon,2006-10,0.0,1259.3
Avalon,2006-11,0.0,1497.6
Avalon,2006-12,0.0,1098.3
Avalon,2007-01,0.0,1813.8
Avalon,2007-02,0.0,2439.6
Avalon,2007-03,0.0,2333.0
Avalon,2007-04,0.0,1334.8
Avalon,2007-05,0.0,1358.3
Avalon,2007-06,0.0,1219.1
Avalon,2007-07,0.0,1310.5
Avalon,2007-08,0.0,1340.4
Avalon,2007-09,0.0,1282.6
Avalon,2007-10,0.0,1202.6
Avalon,2007-11,0.0,1290.9
Avalon,2007-12,0.0,1599.8
Avalon,2008-01,0.0,2225.8
Avalon,2008-02,0.0,2627.4
Avalon,2008-03,0.0,2610.8
Avalon,2008-04,0.0,1135.1
Avalon,2008-05,0.0,1182.5
Avalon,2008-06,0.0,1278.2
Avalon,2008-07,0.0,1395.3
Avalon,2008-08,0.0,1284.1
Avalon,2008-09,0.0,1377.1
Avalon,2008-10,0.0,1369.4
Avalon,2008-11,0.0,1447.1
Avalon,2008-12,0.0,1894.9
Avalon,2009-01,0.0,2451.8
Avalon,2009-02,0.0,2843.7
Avalon,2009-03,0.0,2682.6
Avalon,2009-04,0.0,1172.2
Avalon,2009-05,0.0,1240.1
Avalon,2009-06,0.0,1281.2
Avalon,2009-07,0.0,1234.5
Avalon,2009-08,0.0,1439.9
Avalon,2009-09,0.0,1246.1
Avalon,2009-10,0.0,1074.7
Avalon,2009-11,0.0,1205.0
Avalon,2009-12,0.0,1978.4
Avalon,2010-01,0.0,2535.2
Avalon,2010-02,0.0,2985.3
Avalon,2010-03,0.0,3206.2
Avalon,2010-04,0.0,1630.4
Avalon,2010-05,0.0,1291.9
Avalon,2010-06,0.0,1263.8
Avalon,2010-07,0.0,2041.6
Avalon,2010-08,0.0,1273.5
Avalon,2010-09,0.0,1591.8
Avalon,2010-10,0.0,1384.0
Avalon,2010-11,21.8035,1432.3
Avalon,2010-12,0.0,1502.9
Avalon,2011-01,0.0,2128.0
Avalon,2011-02,0.0,2573.9
Avalon,2011-03,0.0,2398.9
Avalon,2011-04,0.0,1261.7
Avalon,2011-05,0.0,1424.9
Avalon,2011-06,0.0,1316.3
Avalon,2011-07,0.0,1380.6
Avalon,2011-08,0.0,1543.7
Avalon,2011-09,0.0,1368.2
Avalon,2011-10,0.0,1374.7
Avalon,2011-11,0.0,1430.6
Avalon,2011-12,0.0,1959.8
Avalon,2012-01,0.0,2497.1
Avalon,2012-02,0.0,2702.3
Avalon,2012-03,0.0,2843.7
Avalon,2012-04,0.0,1534.6
Avalon,2012-05,0.0,1436.3
Avalon,2012-06,0.0,1333.1
Avalon,2012-07,0.0,1879.4
Avalon,2012-08,0.0,1503.7
Avalon,2012-09,0.0,1545.7
Avalon,2012-10,0.0,1660.7
Avalon,2012-11,0.0,1994.4
Avalon,2012-12,0.0,2317.5
Avalon,2013-01,0.0,2698.4
Avalon,2013-02,0.0,2985.5
Avalon,2013-03,0.0,3125.5
Avalon,2013-04,0.0,2464.5
Avalon,2013-05,0.0,1863.7
Avalon,2013-06,0.0,1446.5
Avalon,2013-07,0.0,1992.8
Avalon,2013-08,0.0,1608.1
Avalon,2013-09,30.3345,3591.6
Avalon,2013-10,3.9484,2171.7
Avalon,2013-11,0.0,1124.6
Avalon,2013-12,0.0,1927.9
Avalon,2014-01,0.0,2509.6
Avalon,2014-02,0.0,2915.9
Avalon,2014-03,0.0,2768.7
Avalon,2014-04,0.9371,2098.5
Avalon,2014-05,19.4652,3046.5
Avalon,2014-06,0.0,1544.2
Avalon,2014-07,0.0,1730.3
Avalon,2014-08,2.136,2442.9
Avalon,2014-09,20.5411,2982.4
Avalon,2014-10,0.0,2613.0
Avalon,2014-11,0.0,1533.0
Avalon,2014-12,0.0,2509.9
Avalon,2015-01,0.0,3266.5
Avalon,2015-02,0.0,3697.4
Avalon,2015-03,0.0,3563.4
Avalon,2015-04,0.0,1348.4
Avalon,2015-05,0.0,1427.4
Avalon,2015-06,0.0,2103.2
Avalon,2015-07,0.0,2920.5
Avalon,2015-08,27.5807,4661.0
Avalon,2015-09,36.0262,5093.9
Avalon,2015-10,1.9833,3279.9
Avalon,2015-11,0.0,1454.9
Avalon,2015-12,0.0,2213.5
Avalon,2016-01,16.0623,4470.5
Avalon,2016-02,5.2136,4659.9
Avalon,2016-03,0.0,2981.8
Avalon,2016-04,0.0,1998.4
Avalon,2016-05,0.0,1947.6
Avalon,2016-06,0.0,1861.4
Avalon,2016-07,0.0,1703.9
Avalon,2016-08,0.0,1916.0
Avalon,2016-09,0.0,3051.1
Avalon,2016-10,0.0,1278.0
Avalon,2016-11,0.0,1214.0
Avalon,2016-12,0.0,1966.0
Avalon,2017-01,0.0,2606.9
Avalon,2017-02,0.0,3043.4
Avalon,2017-03,0.0,2747.0
Avalon,2017-04,0.0,
Avalon,2017-05,0.0,
Avalon,2017-06,0.0,
Avalon,2017-07,0.0,
Avalon,2017-08,0.0,
Avalon,2017-09,0.0,
Avalon,2017-10,0.0,
Avalon,2017-11,0.0,
Avalon,2017-12,0.0,
Avalon,2018-01,0.0,
Avalon,2018-02,0.0,
Avalon,2018-03,0.0,
Avalon,2018-04,0.0,
Avalon,2018-05,0.0,
Avalon,2018-06,0.0,
Avalon,2018-07,0.0,
Avalon,2018-08,0.0,
Avalon,2018-09,0.0,
Avalon,2018-10,0.0,
Avalon,2018-11,0.0,
Avalon,2018-12,0.0,
Avalon,2019-01,0.0,
Avalon,2019-02,0.0,
Avalon,2019-03,0.0,
Avalon,2019-04,0.0,
Avalon,2019-05,0.0,
Avalon,2019-06,0.0,
Avalon,2019-07,0.0,
Avalon,2019-08,0.0,
Avalon,2019-09,0.0,
Avalon,2019-10,0.0,
Avalon,2019-11,0.0,
Avalon,2019-12,0.0,
Avalon,2020-01,0.0,
Avalon,2020-02,0.0,
Avalon,2020-03,0.1102,
Avalon,2020-04,0.0,
Avalon,2020-05,0.0,
Avalon,2020-06,0.0,
Avalon,2020-07,0.0,
Avalon,2020-08,0.0,
Avalon,2020-09,0.0,
Avalon,2020-10,0.0,
Avalon,2020-11,0.0,
Avalon,2020-12,0.0,
RedBluff,2000-01,4.306,76860.2
RedBluff,2000-02,4.0246,78690.7
RedBluff,2000-03,4.1469,79623.5
RedBluff,2000-04,3.0851,76191.9
RedBluff,2000-05,2.9579,63382.6
RedBluff,2000-06,4.5629,56358.6
RedBluff,2000-07,12.2573,52615.6
RedBluff,2000-08,3.5304,45935.5
RedBluff,2000-09,3.0607,36619.2
RedBluff,2000-10,12.5778,38407.2
RedBluff,2000-11,11.4695,47980.7
RedBluff,2000-12,5.8301,53742.9
RedBluff,2001-01,6.0528,54903.9
RedBluff,2001-02,5.8106,58630.2
RedBluff,2001-03,5.5782,62616.5
RedBluff,2001-04,4.12,59447.4
RedBluff,2001-05,2.6105,43065.1
RedBluff,2001-06,2.5127,34190.1
RedBluff,2001-07,2.3609,27031.5
RedBluff,2001-08,2.2998,20393.2
RedBluff,2001-09,2.4637,19610.0
RedBluff,2001-10,2.7304,18647.8
RedBluff,2001-11,10.3637,15795.5
RedBluff,2001-12,7.0118,21538.9
RedBluff,2002-01,3.5989,24966.8
RedBluff,2002-02,2.9114,26402.4
RedBluff,2002-03,2.9872,27132.5
RedBluff,2002-04,2.8674,27931.3
RedBluff,2002-05,1.4655,27327.0
RedBluff,2002-06,2.7328,26290.2
RedBluff,2002-07,4.9886,28223.5
RedBluff,2002-08,2.7573,28851.3
RedBluff,2002-09,2.109,28874.5
RedBluff,2002-10,2.5899,29773.2
RedBluff,2002-11,2.7451,31604.2
RedBluff,2002-12,17.1764,38486.4
RedBluff,2003-01,4.0029,43381.3
RedBluff,2003-02,3.5209,45106.6
RedBluff,2003-03,3.1399,46574.5
RedBluff,2003-04,1.2718,46156.4
RedBluff,2003-05,1.4453,44185.8
RedBluff,2003-06,1.751,43578.5
RedBluff,2003-07,0.5419,41954.6
RedBluff,2003-08,0.5225,39409.9
RedBluff,2003-09,0.8814,37309.5
RedBluff,2003-10,1.1083,38148.5
RedBluff,2003-11,7.215,38708.1
RedBluff,2003-12,2.2778,42879.8
RedBluff,2004-01,1.7836,43555.2
RedBluff,2004-02,1.7202,43935.3
RedBluff,2004-03,2.4202,44629.7
RedBluff,2004-04,60.3895,78491.9
RedBluff,2004-05,2.7473,80130.9
RedBluff,2004-06,3.6327,63718.3
RedBluff,2004-07,6.4142,54950.7
RedBluff,2004-08,4.6223,56263.3
RedBluff,2004-09,13.75,53059.1
RedBluff,2004-10,11.7142,77688.3
RedBluff,2004-11,38.8063,92401.5
RedBluff,2004-12,6.4925,108944.2
RedBluff,2005-01,5.4852,110602.8
RedBluff,2005-02,7.969,113499.7
RedBluff,2005-03,16.05,119558.5
RedBluff,2005-04,6.0893,122601.8
RedBluff,2005-05,6.5947,120534.8
RedBluff,2005-06,4.7865,112509.9
RedBluff,2005-07,4.7155,96428.3
RedBluff,2005-08,8.0,85351.9
RedBluff,2005-09,4.8812,84712.4
RedBluff,2005-10,6.285,81912.0
RedBluff,2005-11,22.4471,86236.5
RedBluff,2005-12,38.0686,110467.5
RedBluff,2006-01,7.5196,122578.9
RedBluff,2006-02,5.919,123449.0
RedBluff,2006-03,4.5724,122974.0
RedBluff,2006-04,3.3317,120075.5
RedBluff,2006-05,8.356,109814.2
RedBluff,2006-06,4.2103,90463.8
RedBluff,2006-07,3.4413,80452.0
RedBluff,2006-08,6.4303,75199.8
RedBluff,2006-09,8.3497,80594.0
RedBluff,2006-10,6.2869,80536.8
RedBluff,2006-11,18.6431,82906.2
RedBluff,2006-12,5.4045,92560.9
RedBluff,2007-01,4.8657,95563.8
RedBluff,2007-02,4.2654,97820.2
RedBluff,2007-03,5.3685,97910.4
RedBluff,2007-04,4.1264,93676.9
RedBluff,2007-05,6.0002,93166.6
RedBluff,2007-06,4.5856,91004.3
RedBluff,2007-07,6.059,80928.4
RedBluff,2007-08,4.9739,76388.3
RedBluff,2007-09,6.7004,73567.0
RedBluff,2007-10,5.5618,75216.9
RedBluff,2007-11,24.9499,86059.5
RedBluff,2007-12,5.7644,92428.8
RedBluff,2008-01,6.9006,94999.9
RedBluff,2008-02,5.3291,96686.1
RedBluff,2008-03,3.7026,94978.2
RedBluff,2008-04,2.9043,89372.5
RedBluff,2008-05,3.1776,80945.1
RedBluff,2008-06,3.0991,71502.5
RedBluff,2008-07,5.4417,61067.6
RedBluff,2008-08,2.2259,53257.0
RedBluff,2008-09,2.6296,48162.2
RedBluff,2008-10,4.6292,48618.2
RedBluff,2008-11,27.1256,60280.5
RedBluff,2008-12,4.3718,64391.1
RedBluff,2009-01,4.0736,66094.1
RedBluff,2009-02,3.6344,67066.9
RedBluff,2009-03,3.5906,66543.3
RedBluff,2009-04,2.6389,64363.1
RedBluff,2009-05,2.5694,56853.7
RedBluff,2009-06,7.1679,50066.2
RedBluff,2009-07,8.1023,52724.1
RedBluff,2009-08,5.5779,56206.5
RedBluff,2009-09,4.0787,50577.9
RedBluff,2009-10,4.1751,50482.5
RedBluff,2009-11,4.2088,50792.3
RedBluff,2009-12,4.4777,52986.3
RedBluff,2010-01,4.1227,55416.5
RedBluff,2010-02,4.0459,58313.2
RedBluff,2010-03,3.7702,59493.0
RedBluff,2010-04,3.6119,58295.7
RedBluff,2010-05,3.4139,54061.5
RedBluff,2010-06,2.5231,43055.8
RedBluff,2010-07,7.1163,44297.5
RedBluff,2010-08,4.4374,41386.7
RedBluff,2010-09,6.6248,36659.6
RedBluff,2010-10,5.2701,38000.8
RedBluff,2010-11,23.8137,48642.8
RedBluff,2010-12,6.0322,54868.6
RedBluff,2011-01,5.0463,57544.4
RedBluff,2011-02,4.1797,58821.6
RedBluff,2011-03,4.061,58976.5
RedBluff,2011-04,2.8035,52679.2
RedBluff,2011-05,2.4767,42141.3
RedBluff,2011-06,1.6627,34381.1
RedBluff,2011-07,1.4706,28085.6
RedBluff,2011-08,1.2013,20752.5
RedBluff,2011-09,1.4256,14933.2
RedBluff,2011-10,1.4146,13902.4
RedBluff,2011-11,1.9147,13817.6
RedBluff,2011-12,2.6379,15683.1
RedBluff,2012-01,2.3678,17883.8
RedBluff,2012-02,2.1048,19411.0
RedBluff,2012-03,1.9785,20441.3
RedBluff,2012-04,1.6363,21174.8
RedBluff,2012-05,1.9186,22023.7
RedBluff,2012-06,1.0131,21988.7
RedBluff,2012-07,1.5653,22359.4
RedBluff,2012-08,1.2342,22283.0
RedBluff,2012-09,1.4938,21671.1
RedBluff,2012-10,2.1557,22502.9
RedBluff,2012-11,2.1466,22864.3
RedBluff,2012-12,2.2868,23831.1
RedBluff,2013-01,2.5224,25376.6
RedBluff,2013-02,1.9052,26412.1
RedBluff,2013-03,1.6884,27119.0
RedBluff,2013-04,1.0827,26780.8
RedBluff,2013-05,0.8633,25916.5
RedBluff,2013-06,1.1901,24374.0
RedBluff,2013-07,2.8762,24984.6
RedBluff,2013-08,1.2622,27011.3
RedBluff,2013-09,32.2511,39713.0
RedBluff,2013-10,11.4906,62846.6
RedBluff,2013-11,2.9058,63707.0
RedBluff,2013-12,2.9006,65047.8
RedBluff,2014-01,4.3297,66864.4
RedBluff,2014-02,3.5054,68691.6
RedBluff,2014-03,3.1519,69195.7
RedBluff,2014-04,3.1069,69170.2
RedBluff,2014-05,21.7713,79868.4
RedBluff,2014-06,2.7981,81468.4
RedBluff,2014-07,2.5481,78733.9
RedBluff,2014-08,4.2504,78519.7
RedBluff,2014-09,114.9341,105135.7
RedBluff,2014-10,7.4904,137358.7
RedBluff,2014-11,6.871,127891.6
RedBluff,2014-12,6.0871,129828.8
RedBluff,2015-01,6.0699,133256.0
RedBluff,2015-02,5.1405,136947.8
RedBluff,2015-03,5.497,135263.0
RedBluff,2015-04,5.3052,126071.9
RedBluff,2015-05,6.5221,119712.7
RedBluff,2015-06,4.8797,116202.0
RedBluff,2015-07,5.3073,110083.2
RedBluff,2015-08,24.2086,106211.7
RedBluff,2015-09,34.2912,118991.3
RedBluff,2015-10,14.3717,134397.6
RedBluff,2015-11,6.8267,134580.8
RedBluff,2015-12,6.24,136021.3
RedBluff,2016-01,19.3338,134671.5
RedBluff,2016-02,12.0325,135623.2
RedBluff,2016-03,5.7282,137503.1
RedBluff,2016-04,5.4032,138097.9
RedBluff,2016-05,4.8298,134352.5
RedBluff,2016-06,4.6233,130083.6
RedBluff,2016-07,4.5389,123570.5
RedBluff,2016-08,9.7376,118757.7
RedBluff,2016-09,7.793,128429.1
RedBluff,2016-10,6.179,127624.9
RedBluff,2016-11,6.4795,129355.6
RedBluff,2016-12,6.3621,130123.2
RedBluff,2017-01,5.874,132748.6
RedBluff,2017-02,4.5154,134226.3
RedBluff,2017-03,4.5195,133440.1
RedBluff,2017-04,4.3375,131010.3
RedBluff,2017-05,4.648,126253.3
RedBluff,2017-06,4.156,115563.4
RedBluff,2017-07,4.1139,106961.1
RedBluff,2017-08,5.4891,106796.7
RedBluff,2017-09,5.3098,105222.0
RedBluff,2017-10,4.9144,107326.7
RedBluff,2017-11,5.1178,108281.8
RedBluff,2017-12,4.8855,110041.5
RedBluff,2018-01,4.7363,112036.5
RedBluff,2018-02,3.6031,112764.1
RedBluff,2018-03,3.0345,111996.1
RedBluff,2018-04,3.7046,109696.5
RedBluff,2018-05,2.8175,103482.0
RedBluff,2018-06,2.8796,92346.7
RedBluff,2018-07,3.7939,88381.3
RedBluff,2018-08,4.2436,84767.3
RedBluff,2018-09,5.5439,85592.0
RedBluff,2018-10,7.4393,87704.2
RedBluff,2018-11,5.8591,92972.5
RedBluff,2018-12,4.9479,95788.8
RedBluff,2019-01,4.5154,98741.1
RedBluff,2019-02,3.4878,100265.6
RedBluff,2019-03,3.5297,99451.9
RedBluff,2019-04,5.0287,98033.6
RedBluff,2019-05,4.0912,97736.3
RedBluff,2019-06,6.9468,100293.2
RedBluff,2019-07,5.2682,96396.2
RedBluff,2019-08,4.1269,92816.7
RedBluff,2019-09,4.4779,89606.7
RedBluff,2019-10,5.6009,90343.5
RedBluff,2019-11,4.8657,91267.5
RedBluff,2019-12,4.5939,94055.3
RedBluff,2020-01,5.9907,96813.3
RedBluff,2020-02,4.6194,99522.2
RedBluff,2020-03,5.0211,101920.9
RedBluff,2020-04,3.4364,100624.8
RedBluff,2020-05,3.6219,97393.6
RedBluff,2020-06,3.253,90524.2
RedBluff,2020-07,2.838,82412.7
RedBluff,2020-08,3.2989,77188.7
RedBluff,2020-09,3.3246,73385.7
RedBluff,2020-10,3.0029,70737.6
RedBluff,2020-11,3.6024,70356.4
RedBluff,2020-12,3.4323,71007.1
