station,site,constituent,year,value_mgL
Sumner,08384500,cl,2000,0.8037
Sumner,08384500,cl,2001,0.176
Sumner,08384500,cl,2002,0.9761
Sumner,08384500,cl,2003,2.9453
Sumner,08384500,cl,2004,2.0232
Sumner,08384500,cl,2005,0.1368
Sumner,08384500,cl,2006,0.072
Sumner,08384500,cl,2007,0.0157
Sumner,08384500,cl,2008,0.0
Sumner,08384500,cl,2009,0.0504
Sumner,08384500,cl,2010,0.4385
Sumner,08384500,cl,2011,0.0001
Sumner,08384500,cl,2012,0.0
Sumner,08384500,cl,2013,0.6293
Sumner,08384500,cl,2014,2.219
Sumner,08384500,cl,2015,0.4108
Sumner,08384500,cl,2016,0.0022
Sumner,08384500,cl,2017,0.0008
Sumner,08384500,cl,2018,0.1282
Sumner,08384500,cl,2019,0.0001
Sumner,08384500,cl,2020,0.0
Sumner,08384500,cl,2021,0.0009
Sumner,08384500,cl,2022,0.0002
Sumner,08384500,cl,2023,0.0007
Sumner,08384500,cl,2024,0.0005
Sumner,08384500,cl,2025,0.1374
Sumner,08384500,so4,2000,0.8037
Sumner,08384500,so4,2001,0.176
Sumner,08384500,so4,2002,0.9761
Sumner,08384500,so4,2003,2.9457
Sumner,08384500,so4,2004,2.0233
Sumner,08384500,so4,2005,0.1368
Sumner,08384500,so4,2006,0.072
Sumner,08384500,so4,2007,0.0157
Sumner,08384500,so4,2008,0.0
Sumner,08384500,so4,2009,0.0504
Sumner,08384500,so4,2010,0.4386
Sumner,08384500,so4,2011,0.0001
Sumner,08384500,so4,2012,0.0
Sumner,08384500,so4,2013,0.6331
Sumner,08384500,so4,2014,2.2215
Sumner,08384500,so4,2015,0.4114
Sumner,08384500,so4,2016,0.0022
Sumner,08384500,so4,2017,0.0008
Sumner,08384500,so4,2018,0.1282
Sumner,08384500,so4,2019,0.0001
Sumner,08384500,so4,2020,0.0
Sumner,08384500,so4,2021,0.0009
Sumner,08384500,so4,2022,0.0002
Sumner,08384500,so4,2023,0.0007
Sumner,08384500,so4,2024,0.0005
Sumner,08384500,so4,2025,0.1374
Sumner,08384500,tds,2000,2.6708
Sumner,08384500,tds,2001,0.5849
Sumner,08384500,tds,2002,3.1699
Sumner,08384500,tds,2003,9.5456
Sumner,08384500,tds,2004,6.7121
Sumner,08384500,tds,2005,0.4431
Sumner,08384500,tds,2006,0.2332
Sumner,08384500,tds,2007,0.0509
Sumner,08384500,tds,2008,0.0001
Sumner,08384500,tds,2009,0.1643
Sumner,08384500,tds,2010,1.4588
Sumner,08384500,tds,2011,0.0004
Sumner,08384500,tds,2012,0.0
Sumner,08384500,tds,2013,2.0789
Sumner,08384500,tds,2014,7.3833
Sumner,08384500,tds,2015,1.3663
Sumner,08384500,tds,2016,0.0072
Sumner,08384500,tds,2017,0.0027
Sumner,08384500,tds,2018,0.4271
Sumner,08384500,tds,2019,0.0004
Sumner,08384500,tds,2020,0.0001
Sumner,08384500,tds,2021,0.0029
Sumner,08384500,tds,2022,0.0007
Sumner,08384500,tds,2023,0.0023
Sumner,08384500,tds,2024,0.0016
Sumner,08384500,tds,2025,0.4579
Brantley,08401500,cl,2000,501.4785
Brantley,08401500,cl,2001,0.0
Brantley,08401500,cl,2002,0.0
Brantley,08401500,cl,2003,0.0
Brantley,08401500,cl,2004,2.1479
Brantley,08401500,cl,2005,1.0889
Brantley,08401500,cl,2006,0.5452
Brantley,08401500,cl,2007,1.0085
Brantley,08401500,cl,2008,0.659
Brantley,08401500,cl,2009,0.2754
Brantley,08401500,cl,2010,0.4305
Brantley,08401500,cl,2011,1.0829
Brantley,08401500,cl,2012,0.6016
Brantley,08401500,cl,2013,0.0
Brantley,08401500,cl,2014,0.0486
Brantley,08401500,cl,2015,0.272
Brantley,08401500,cl,2016,0.3101
Brantley,08401500,cl,2017,0.2348
Brantley,08401500,cl,2018,0.2388
Brantley,08401500,cl,2019,0.205
Brantley,08401500,cl,2020,0.2545
Brantley,08401500,cl,2021,0.2868
Brantley,08401500,cl,2022,0.1979
Brantley,08401500,cl,2023,0.0869
Brantley,08401500,cl,2024,0.1251
Brantley,08401500,cl,2025,0.0
Brantley,08401500,so4,2000,501.4785
Brantley,08401500,so4,2001,0.0
Brantley,08401500,so4,2002,0.0
Brantley,08401500,so4,2003,0.0
Brantley,08401500,so4,2004,2.1479
Brantley,08401500,so4,2005,1.0889
Brantley,08401500,so4,2006,0.5452
Brantley,08401500,so4,2007,1.0085
Brantley,08401500,so4,2008,0.659
Brantley,08401500,so4,2009,0.2754
Brantley,08401500,so4,2010,0.4305
Brantley,08401500,so4,2011,1.083
Brantley,08401500,so4,2012,0.6016
Brantley,08401500,so4,2013,0.0
Brantley,08401500,so4,2014,0.0486
Brantley,08401500,so4,2015,0.2721
Brantley,08401500,so4,2016,0.3101
Brantley,08401500,so4,2017,0.2348
Brantley,08401500,so4,2018,0.2389
Brantley,08401500,so4,2019,0.205
Brantley,08401500,so4,2020,0.2546
Brantley,08401500,so4,2021,0.2869
Brantley,08401500,so4,2022,0.1979
Brantley,08401500,so4,2023,0.0869
Brantley,08401500,so4,2024,0.1251
Brantley,08401500,so4,2025,0.0
Brantley,08401500,tds,2000,1671.595
Brantley,08401500,tds,2001,0.0
Brantley,08401500,tds,2002,0.0001
Brantley,08401500,tds,2003,0.0
Brantley,08401500,tds,2004,7.0811
Brantley,08401500,tds,2005,3.5886
Brantley,08401500,tds,2006,1.7968
Brantley,08401500,tds,2007,3.3249
Brantley,08401500,tds,2008,2.1717
Brantley,08401500,tds,2009,0.9077
Brantley,08401500,tds,2010,1.4193
Brantley,08401500,tds,2011,3.569
Brantley,08401500,tds,2012,1.9826
Brantley,08401500,tds,2013,0.0
Brantley,08401500,tds,2014,0.1605
Brantley,08401500,tds,2015,0.8966
Brantley,08401500,tds,2016,1.022
Brantley,08401500,tds,2017,0.7739
Brantley,08401500,tds,2018,0.7871
Brantley,08401500,tds,2019,0.6756
Brantley,08401500,tds,2020,0.839
Brantley,08401500,tds,2021,0.9453
Brantley,08401500,tds,2022,0.6522
Brantley,08401500,tds,2023,0.2864
Brantley,08401500,tds,2024,0.4123
Brantley,08401500,tds,2025,0.0
Artesia,08396500,cl,2000,565541.2
Artesia,08396500,cl,2001,695614.9
Artesia,08396500,cl,2002,833238.6
Artesia,08396500,cl,2003,1031296.0
Artesia,08396500,cl,2004,456792.1
Artesia,08396500,cl,2005,590800.7
Artesia,08396500,cl,2006,795187.0
Artesia,08396500,cl,2007,930923.1
Artesia,08396500,cl,2008,764036.4
Artesia,08396500,cl,2009,1644795.0
Artesia,08396500,cl,2010,1124081.0
Artesia,08396500,cl,2011,2318038.0
Artesia,08396500,cl,2012,2296242.0
Artesia,08396500,cl,2013,2300034.0
Artesia,08396500,cl,2014,1651831.0
Artesia,08396500,cl,2015,1224911.0
Artesia,08396500,cl,2016,1224134.0
Artesia,08396500,cl,2017,1376178.0
Artesia,08396500,cl,2018,2562388.0
Artesia,08396500,cl,2019,2109137.0
Artesia,08396500,cl,2020,4748638.0
Artesia,08396500,cl,2021,5763101.0
Artesia,08396500,cl,2022,5386831.0
Artesia,08396500,cl,2023,5986822.0
Artesia,08396500,cl,2024,84785080.0
Artesia,08396500,cl,2025,61068460.0
Artesia,08396500,so4,2000,565541.2
Artesia,08396500,so4,2001,695614.9
Artesia,08396500,so4,2002,833238.6
Artesia,08396500,so4,2003,1031296.0
Artesia,08396500,so4,2004,456792.1
Artesia,08396500,so4,2005,590800.7
Artesia,08396500,so4,2006,795187.0
Artesia,08396500,so4,2007,930923.1
Artesia,08396500,so4,2008,764036.4
Artesia,08396500,so4,2009,1644795.0
Artesia,08396500,so4,2010,1124081.0
Artesia,08396500,so4,2011,2318038.0
Artesia,08396500,so4,2012,2296242.0
Artesia,08396500,so4,2013,2300034.0
Artesia,08396500,so4,2014,1651831.0
Artesia,08396500,so4,2015,1224911.0
Artesia,08396500,so4,2016,1224134.0
Artesia,08396500,so4,2017,1376178.0
Artesia,08396500,so4,2018,2562388.0
Artesia,08396500,so4,2019,2109137.0
Artesia,08396500,so4,2020,4748639.0
Artesia,08396500,so4,2021,5763101.0
Artesia,08396500,so4,2022,5386831.0
Artesia,08396500,so4,2023,5986822.0
Artesia,08396500,so4,2024,84785080.0
Artesia,08396500,so4,2025,61068460.0
Artesia,08396500,tds,2000,1885137.28
Artesia,08396500,tds,2001,2318716.39
Artesia,08396500,tds,2002,2777461.92
Artesia,08396500,tds,2003,3437652.28
Artesia,08396500,tds,2004,1522640.09
Artesia,08396500,tds,2005,1969334.64
Artesia,08396500,tds,2006,2650621.96
Artesia,08396500,tds,2007,3103074.19
Artesia,08396500,tds,2008,2546786.01
Artesia,08396500,tds,2009,5482646.74
Artesia,08396500,tds,2010,3746934.36
Artesia,08396500,tds,2011,7726787.84
Artesia,08396500,tds,2012,7654133.82
Artesia,08396500,tds,2013,7666774.82
Artesia,08396500,tds,2014,5506098.86
Artesia,08396500,tds,2015,4083033.2
Artesia,08396500,tds,2016,4080441.63
Artesia,08396500,tds,2017,4587255.8
Artesia,08396500,tds,2018,8541284.4
Artesia,08396500,tds,2019,7030447.58
Artesia,08396500,tds,2020,15828776.7
Artesia,08396500,tds,2021,19210310.2
Artesia,08396500,tds,2022,17956076.4
Artesia,08396500,tds,2023,19956043.9
Artesia,08396500,tds,2024,282616537.0
Artesia,08396500,tds,2025,203561250.0
Avalon,08404000,cl,2000,2.5747
Avalon,08404000,cl,2001,5.0256
Avalon,08404000,cl,2002,0.004
Avalon,08404000,cl,2003,0.0008
Avalon,08404000,cl,2004,3.6193
Avalon,08404000,cl,2005,351.7199
Avalon,08404000,cl,2006,447.3046
Avalon,08404000,cl,2007,3073.655
Avalon,08404000,cl,2008,3350.149
Avalon,08404000,cl,2009,933.0312
Avalon,08404000,cl,2010,1840.933
Avalon,08404000,cl,2011,426701.9
Avalon,08404000,cl,2012,1139255.0
Avalon,08404000,cl,2013,1059754.0
Avalon,08404000,cl,2014,229262.3
Avalon,08404000,cl,2015,13799.36
Avalon,08404000,cl,2016,17347.43
Avalon,08404000,cl,2017,28830.93
Avalon,08404000,cl,2018,59682.43
Avalon,08404000,cl,2019,60272.69
Avalon,08404000,cl,2020,16472340.0
Avalon,08404000,cl,2021,17772410.0
Avalon,08404000,cl,2022,2957359.0
Avalon,08404000,cl,2023,28953700.0
Avalon,08404000,cl,2024,36440620.0
Avalon,08404000,cl,2025,28009740.0
Avalon,08404000,so4,2000,2.1904
Avalon,08404000,so4,2001,5.022
Avalon,08404000,so4,2002,0.0011
Avalon,08404000,so4,2003,0.0001
Avalon,08404000,so4,2004,3.6194
Avalon,08404000,so4,2005,351.7202
Avalon,08404000,so4,2006,447.3051
Avalon,08404000,so4,2007,3073.656
Avalon,08404000,so4,2008,3350.149
Avalon,08404000,so4,2009,933.0315
Avalon,08404000,so4,2010,1840.933
Avalon,08404000,so4,2011,426701.9
Avalon,08404000,so4,2012,1139255.0
Avalon,08404000,so4,2013,1059754.0
Avalon,08404000,so4,2014,229262.3
Avalon,08404000,so4,2015,13799.36
Avalon,08404000,so4,2016,17347.43
Avalon,08404000,so4,2017,28830.93
Avalon,08404000,so4,2018,59682.43
Avalon,08404000,so4,2019,60272.69
Avalon,08404000,so4,2020,16472340.0
Avalon,08404000,so4,2021,17772410.0
Avalon,08404000,so4,2022,2957359.0
Avalon,08404000,so4,2023,28953700.0
Avalon,08404000,so4,2024,36440620.0
Avalon,08404000,so4,2025,28009740.0
Avalon,08404000,tds,2000,7.9676
Avalon,08404000,tds,2001,16.7427
Avalon,08404000,tds,2002,0.0089
Avalon,08404000,tds,2003,0.0016
Avalon,08404000,tds,2004,11.8918
Avalon,08404000,tds,2005,1170.5153
Avalon,08404000,tds,2006,1489.2383
Avalon,08404000,tds,2007,10244.5246
Avalon,08404000,tds,2008,11166.1224
Avalon,08404000,tds,2009,3109.2073
Avalon,08404000,tds,2010,6135.8893
Avalon,08404000,tds,2011,1422331.65
Avalon,08404000,tds,2012,3797502.45
Avalon,08404000,tds,2013,3532505.67
Avalon,08404000,tds,2014,764206.604
Avalon,08404000,tds,2015,45997.4725
Avalon,08404000,tds,2016,57824.3336
Avalon,08404000,tds,2017,96102.5622
Avalon,08404000,tds,2018,198940.758
Avalon,08404000,tds,2019,200908.399
Avalon,08404000,tds,2020,54907758.3
Avalon,08404000,tds,2021,59241319.4
Avalon,08404000,tds,2022,9857850.25
Avalon,08404000,tds,2023,96512209.6
Avalon,08404000,tds,2024,121468582.0
Avalon,08404000,tds,2025,93365790.4
Red Bluff,08407500,cl,2000,7844.919
Red Bluff,08407500,cl,2001,13366.05
Red Bluff,08407500,cl,2002,13273.61
Red Bluff,08407500,cl,2003,15974.53
Red Bluff,08407500,cl,2004,10095.82
Red Bluff,08407500,cl,2005,7532.302
Red Bluff,08407500,cl,2006,9053.802
Red Bluff,08407500,cl,2007,4683.393
Red Bluff,08407500,cl,2008,7963.017
Red Bluff,08407500,cl,2009,10649.63
Red Bluff,08407500,cl,2010,5592.545
Red Bluff,08407500,cl,2011,13292.71
Red Bluff,08407500,cl,2012,13849.35
Red Bluff,08407500,cl,2013,12049.68
Red Bluff,08407500,cl,2014,8888.39
Red Bluff,08407500,cl,2015,4394.443
Red Bluff,08407500,cl,2016,5952.159
Red Bluff,08407500,cl,2017,6908.419
Red Bluff,08407500,cl,2018,6458.282
Red Bluff,08407500,cl,2019,8842.831
Red Bluff,08407500,cl,2020,12052.51
Red Bluff,08407500,cl,2021,9425.411
Red Bluff,08407500,cl,2022,10467.45
Red Bluff,08407500,cl,2023,12478.97
Red Bluff,08407500,cl,2024,13340.76
Red Bluff,08407500,cl,2025,10518.67
Red Bluff,08407500,so4,2000,4860.33
Red Bluff,08407500,so4,2001,8060.729
Red Bluff,08407500,so4,2002,7889.003
Red Bluff,08407500,so4,2003,9562.708
Red Bluff,08407500,so4,2004,6117.613
Red Bluff,08407500,so4,2005,4987.665
Red Bluff,08407500,so4,2006,5838.105
Red Bluff,08407500,so4,2007,3247.469
Red Bluff,08407500,so4,2008,5283.964
Red Bluff,08407500,so4,2009,6958.72
Red Bluff,08407500,so4,2010,3744.503
Red Bluff,08407500,so4,2011,8535.345
Red Bluff,08407500,so4,2012,8759.188
Red Bluff,08407500,so4,2013,7582.228
Red Bluff,08407500,so4,2014,5606.907
Red Bluff,08407500,so4,2015,3089.751
Red Bluff,08407500,so4,2016,4204.066
Red Bluff,08407500,so4,2017,4989.279
Red Bluff,08407500,so4,2018,4536.095
Red Bluff,08407500,so4,2019,6192.793
Red Bluff,08407500,so4,2020,8081.593
Red Bluff,08407500,so4,2021,6539.051
Red Bluff,08407500,so4,2022,7067.77
Red Bluff,08407500,so4,2023,8386.597
Red Bluff,08407500,so4,2024,9090.229
Red Bluff,08407500,so4,2025,7414.073
Red Bluff,08407500,tds,2000,20991.1806
Red Bluff,08407500,tds,2001,35383.8107
Red Bluff,08407500,tds,2002,34938.6393
Red Bluff,08407500,tds,2003,42166.271
Red Bluff,08407500,tds,2004,26776.8201
Red Bluff,08407500,tds,2005,20709.5275
Red Bluff,08407500,tds,2006,24621.3391
Red Bluff,08407500,tds,2007,13129.46
Red Bluff,08407500,tds,2008,21912.9191
Red Bluff,08407500,tds,2009,29119.4073
Red Bluff,08407500,tds,2010,15447.6655
Red Bluff,08407500,tds,2011,36086.4168
Red Bluff,08407500,tds,2012,37366.677
Red Bluff,08407500,tds,2013,32444.0676
Red Bluff,08407500,tds,2014,23956.2618
Red Bluff,08407500,tds,2015,12393.1163
Red Bluff,08407500,tds,2016,16819.1298
Red Bluff,08407500,tds,2017,19711.0243
Red Bluff,08407500,tds,2018,18205.3001
Red Bluff,08407500,tds,2019,24895.782
Red Bluff,08407500,tds,2020,33311.7096
Red Bluff,08407500,tds,2021,26429.2544
Red Bluff,08407500,tds,2022,29015.4988
Red Bluff,08407500,tds,2023,34523.3195
Red Bluff,08407500,tds,2024,37122.5884
Red Bluff,08407500,tds,2025,29696.2526
Orla (ch 82),08412500,cl,2000,4049.312
Orla (ch 82),08412500,cl,2001,5872.082
Orla (ch 82),08412500,cl,2002,5750.935
Orla (ch 82),08412500,cl,2003,6696.468
Orla (ch 82),08412500,cl,2004,4112.544
Orla (ch 82),08412500,cl,2005,4084.022
Orla (ch 82),08412500,cl,2006,4430.771
Orla (ch 82),08412500,cl,2007,2553.921
Orla (ch 82),08412500,cl,2008,4310.867
Orla (ch 82),08412500,cl,2009,5439.284
Orla (ch 82),08412500,cl,2010,2646.076
Orla (ch 82),08412500,cl,2011,6248.706
Orla (ch 82),08412500,cl,2012,6445.128
Orla (ch 82),08412500,cl,2013,4976.899
Orla (ch 82),08412500,cl,2014,3614.411
Orla (ch 82),08412500,cl,2015,2184.828
Orla (ch 82),08412500,cl,2016,3366.275
Orla (ch 82),08412500,cl,2017,4281.809
Orla (ch 82),08412500,cl,2018,3592.323
Orla (ch 82),08412500,cl,2019,4922.119
Orla (ch 82),08412500,cl,2020,5910.382
Orla (ch 82),08412500,cl,2021,4979.32
Orla (ch 82),08412500,cl,2022,5433.62
Orla (ch 82),08412500,cl,2023,6033.548
Orla (ch 82),08412500,cl,2024,6645.906
Orla (ch 82),08412500,cl,2025,5424.985
Orla (ch 82),08412500,so4,2000,2594.446
Orla (ch 82),08412500,so4,2001,3596.23
Orla (ch 82),08412500,so4,2002,3464.174
Orla (ch 82),08412500,so4,2003,4053.168
Orla (ch 82),08412500,so4,2004,2526.883
Orla (ch 82),08412500,so4,2005,2773.568
Orla (ch 82),08412500,so4,2006,2942.386
Orla (ch 82),08412500,so4,2007,1835.487
Orla (ch 82),08412500,so4,2008,2959.629
Orla (ch 82),08412500,so4,2009,3625.435
Orla (ch 82),08412500,so4,2010,1831.239
Orla (ch 82),08412500,so4,2011,4120.671
Orla (ch 82),08412500,so4,2012,4148.333
Orla (ch 82),08412500,so4,2013,3228.538
Orla (ch 82),08412500,so4,2014,2381.729
Orla (ch 82),08412500,so4,2015,1599.982
Orla (ch 82),08412500,so4,2016,2444.058
Orla (ch 82),08412500,so4,2017,3156.232
Orla (ch 82),08412500,so4,2018,2588.96
Orla (ch 82),08412500,so4,2019,3533.594
Orla (ch 82),08412500,so4,2020,4042.972
Orla (ch 82),08412500,so4,2021,3498.575
Orla (ch 82),08412500,so4,2022,3754.327
Orla (ch 82),08412500,so4,2023,4140.198
Orla (ch 82),08412500,so4,2024,4597.802
Orla (ch 82),08412500,so4,2025,3862.762
Orla (ch 82),08412500,tds,2000,10985.6978
Orla (ch 82),08412500,tds,2001,15644.0145
Orla (ch 82),08412500,tds,2002,15221.3869
Orla (ch 82),08412500,tds,2003,17757.4984
Orla (ch 82),08412500,tds,2004,10970.6525
Orla (ch 82),08412500,tds,2005,11350.6957
Orla (ch 82),08412500,tds,2006,12199.2525
Orla (ch 82),08412500,tds,2007,7272.5797
Orla (ch 82),08412500,tds,2008,12036.4423
Orla (ch 82),08412500,tds,2009,14999.0296
Orla (ch 82),08412500,tds,2010,7413.3307
Orla (ch 82),08412500,tds,2011,17154.6321
Orla (ch 82),08412500,tds,2012,17517.9817
Orla (ch 82),08412500,tds,2013,13570.8525
Orla (ch 82),08412500,tds,2014,9919.6619
Orla (ch 82),08412500,tds,2015,6272.9355
Orla (ch 82),08412500,tds,2016,9628.5459
Orla (ch 82),08412500,tds,2017,12329.2209
Orla (ch 82),08412500,tds,2018,10241.9696
Orla (ch 82),08412500,tds,2019,14009.5416
Orla (ch 82),08412500,tds,2020,16476.8477
Orla (ch 82),08412500,tds,2021,14041.0103
Orla (ch 82),08412500,tds,2022,15212.506
Orla (ch 82),08412500,tds,2023,16842.6663
Orla (ch 82),08412500,tds,2024,18616.6162
Orla (ch 82),08412500,tds,2025,15385.8777
