gauge_id,month,observed_m3s,sim_v30ext_m3s,sim_v33_m3s,sim_v52prod_m3s
08382830,2002-01,0.0003,0.0267,0.0034,0.0104
08382830,2002-02,0.0003,0.0003,0.0003,0.0092
08382830,2002-03,5.7907,5.794,5.791,5.772
08382830,2002-04,0.0003,0.0099,0.0014,0.0088
08382830,2002-05,0.5255,0.5351,0.5266,0.9124
08382830,2002-06,0.2687,0.2994,0.2723,0.2753
08382830,2002-07,0.0007,0.2282,0.0075,0.0117
08382830,2002-08,0.7947,1.037,0.797,0.7396
08382830,2002-09,0.4133,2.551,0.559,1.149
08382830,2002-10,0.0005,0.0771,0.0096,0.0161
08382830,2002-11,0.0006,0.0088,0.002,0.0094
08382830,2002-12,0.0004,0.034,0.005,0.011
08382830,2003-01,0.0003,0.001,0.001,0.0095
08382830,2003-02,0.0019,0.0258,0.0052,0.0118
08382830,2003-03,0.0003,10.03,9.935,9.936
08382830,2003-04,0.0003,2.753,2.747,2.766
08382830,2003-05,0.0002,13.96,13.25,14.46
08382830,2003-06,8.5819,10.55,10.25,10.11
08382830,2003-07,0.0002,0.0273,0.0034,0.0093
08382830,2003-08,0.0,0.0495,0.0058,0.01
08382830,2003-09,0.4434,0.4528,0.4445,0.4404
08382830,2003-10,0.0014,0.0726,0.0108,0.013
08382830,2003-11,0.0007,0.0202,0.003,0.0095
08382830,2003-12,0.0004,0.0046,0.0009,0.0089
08382830,2004-01,0.0003,0.0102,0.0015,0.0093
08382830,2004-02,1.7648,1.838,1.778,1.776
08382830,2004-03,0.0003,7.468,4.99,4.913
08382830,2004-04,0.0004,38.55,38.54,32.9
08382830,2004-05,0.0029,15.03,15.39,17.4
08382830,2004-06,0.0003,2.875,2.782,3.004
08382830,2004-07,0.0008,2.684,2.03,1.338
08382830,2004-08,0.0005,2.896,1.959,1.366
08382830,2004-09,17.4159,18.13,17.77,17.61
08382830,2004-10,0.0042,0.2666,0.1722,0.1523
08382830,2004-11,0.0,0.0993,0.053,0.0466
08382830,2004-12,0.0,0.0335,0.0224,0.0253
08382830,2005-01,0.0,2.737,0.2091,0.1863
08382830,2005-02,0.0,5.585,8.291,10.95
08382830,2005-03,0.0,20.1,20.04,17.34
08382830,2005-04,0.0,51.62,54.87,51.69
08382830,2005-05,13.0449,32.44,31.0,31.78
08382830,2005-06,6.1101,6.327,6.285,8.656
08382830,2005-07,0.0,0.4292,0.1698,1.783
08382830,2005-08,1.6443,3.361,2.7,3.053
08382830,2005-09,1.6226,3.077,2.618,2.356
08382830,2005-10,1.3668,0.0601,0.0417,0.0375
08382830,2005-11,1.2459,1.246,1.246,1.122
08382830,2005-12,3.8273,3.827,3.827,3.934
08382830,2006-01,0.0,0.005,0.0006,0.0093
08382830,2006-02,8.4334,8.433,8.433,8.288
08382830,2006-03,0.3763,0.3782,0.3766,0.4859
08382830,2006-04,0.0,0.0156,0.0018,0.0093
08382830,2006-05,0.2813,0.3097,0.2847,2.184
08382830,2006-06,18.6004,18.17,16.92,18.63
08382830,2006-07,0.0,0.0363,0.0043,0.0096
08382830,2006-08,0.0,1.751,0.8817,0.88
08382830,2006-09,0.0498,26.13,24.67,23.93
08382830,2006-10,0.0,0.0729,0.0332,0.0518
08382830,2006-11,0.0,0.0046,0.0009,0.0094
08382830,2006-12,0.0,0.0359,0.0046,2.458
08382830,2007-01,0.0,4.943,4.905,7.363
08382830,2007-02,6.5998,17.51,17.74,20.19
08382830,2007-03,0.2631,12.7,12.69,12.73
08382830,2007-04,0.0,8.276,8.293,11.03
08382830,2007-05,0.0,20.2,20.47,21.92
08382830,2007-06,2.5627,7.894,7.487,10.31
08382830,2007-07,9.8513,9.884,9.855,9.974
08382830,2007-08,4.9592,5.01,4.965,4.736
08382830,2007-09,5.2065,5.232,5.209,5.415
08382830,2007-10,0.0,0.005,0.0006,0.0083
08382830,2007-11,0.0,0.0102,0.0012,0.0086
08382830,2007-12,0.0,0.029,0.0034,0.0099
08384500,2002-01,0.9034,0.0108,0.0009,0.0327
08384500,2002-02,2.0499,0.0,0.0,0.3787
08384500,2002-03,13.794,5.747,5.68,6.448
08384500,2002-04,2.5032,0.0039,0.0003,0.0003
08384500,2002-05,2.1384,0.0009,0.0001,0.0001
08384500,2002-06,1.6477,0.0118,0.001,0.0008
08384500,2002-07,2.1432,0.51,0.1013,0.0043
08384500,2002-08,2.3001,0.5807,0.5519,0.0004
08384500,2002-09,1.3955,0.8795,0.9591,0.7688
08384500,2002-10,2.1177,2.144,2.12,2.12
08384500,2002-11,0.7372,0.7391,0.7378,0.7377
08384500,2002-12,0.7163,0.7373,0.7185,0.7182
08384500,2003-01,0.7071,0.7075,0.7075,0.7075
08384500,2003-02,1.4304,1.437,1.431,1.431
08384500,2003-03,2.3947,2.401,2.023,1.651
08384500,2003-04,2.2654,0.0178,1.33,0.0134
08384500,2003-05,2.562,12.02,10.29,13.09
08384500,2003-06,13.3332,15.06,15.1,15.52
08384500,2003-07,2.2186,2.22,2.219,2.219
08384500,2003-08,2.0993,1.065,0.9965,1.513
08384500,2003-09,2.1728,0.0179,0.0015,0.0012
08384500,2003-10,2.1725,0.3223,0.0034,0.0025
08384500,2003-11,0.3355,0.0091,0.0008,0.0006
08384500,2003-12,0.7987,0.0004,0.0001,0.0
08384500,2004-01,0.8413,0.0013,0.0001,0.282
08384500,2004-02,1.1145,0.9162,0.8488,0.9512
08384500,2004-03,10.9224,5.588,5.066,4.972
08384500,2004-04,1.4545,32.06,30.19,24.77
08384500,2004-05,2.9372,19.73,22.09,23.5
08384500,2004-06,2.6283,4.73,5.757,7.466
08384500,2004-07,2.1362,2.454,2.161,2.2
08384500,2004-08,1.6872,2.65,1.706,1.691
08384500,2004-09,18.3164,20.77,20.68,18.43
08384500,2004-10,2.1127,0.3798,0.3384,0.337
08384500,2004-11,0.2598,0.2882,0.2679,0.2674
08384500,2004-12,0.2503,0.2554,0.2526,0.2525
08384500,2005-01,0.2957,2.292,2.275,2.275
08384500,2005-02,0.5034,2.309,2.285,2.284
08384500,2005-03,0.9872,17.86,17.91,17.59
08384500,2005-04,2.7658,49.1,55.56,45.56
08384500,2005-05,11.5237,31.07,32.07,41.62
08384500,2005-06,6.5505,16.01,16.68,18.65
08384500,2005-07,2.8486,3.71,3.812,5.982
08384500,2005-08,2.4838,2.313,2.275,2.618
08384500,2005-09,2.6893,2.33,2.274,2.452
08384500,2005-10,6.6612,0.0258,2.272,0.0123
08384500,2005-11,12.7228,2.271,2.271,2.271
08384500,2005-12,1.6929,2.271,2.271,2.271
08384500,2006-01,0.455,2.271,2.271,2.271
08384500,2006-02,12.6217,2.271,2.271,2.271
08384500,2006-03,2.6268,2.273,2.271,2.271
08384500,2006-04,2.484,2.278,2.272,0.0124
08384500,2006-05,3.8901,2.277,2.272,4.41
08384500,2006-06,17.0379,8.629,7.117,13.84
08384500,2006-07,2.5598,2.793,2.376,3.605
08384500,2006-08,1.8813,2.348,2.278,2.277
08384500,2006-09,2.9638,18.82,17.29,14.96
08384500,2006-10,2.6597,0.1173,0.0941,1.96
08384500,2006-11,0.2029,2.272,2.272,2.272
08384500,2006-12,0.5345,2.286,2.273,2.273
08384500,2007-01,0.7519,2.283,2.273,6.915
08384500,2007-02,4.7919,17.88,19.75,23.09
08384500,2007-03,8.4687,11.86,13.3,16.07
08384500,2007-04,2.9477,7.549,7.598,9.383
08384500,2007-05,2.5824,27.33,29.06,29.09
08384500,2007-06,2.9841,9.382,10.49,14.96
08384500,2007-07,12.0319,10.65,11.39,12.78
08384500,2007-08,5.236,2.431,2.425,2.419
08384500,2007-09,10.8518,5.803,6.176,6.519
08384500,2007-10,2.659,2.276,2.272,2.272
08384500,2007-11,0.4073,2.273,2.272,2.271
08384500,2007-12,0.5588,2.279,2.272,2.272
08390500,2002-01,0.0009,0.2293,0.2078,0.444
08390500,2002-02,0.0,0.1812,0.1735,0.539
08390500,2002-03,0.0003,0.3727,0.2762,0.3614
08390500,2002-04,0.0,0.015,0.0133,0.3174
08390500,2002-05,0.0,0.0243,0.0125,0.2569
08390500,2002-06,0.1387,0.1988,0.087,0.2373
08390500,2002-07,0.0,1.066,1.027,0.6476
08390500,2002-08,0.0103,1.661,1.934,1.886
08390500,2002-09,0.0797,3.559,3.861,2.847
08390500,2002-10,0.0,1.066,1.081,0.9487
08390500,2002-11,0.0,0.7687,0.8956,0.8674
08390500,2002-12,0.0019,2.379,2.551,1.9
08390500,2003-01,0.0002,7.76,9.029,9.166
08390500,2003-02,0.004,0.5766,0.6412,0.9353
08390500,2003-03,0.0,5.345,6.183,5.882
08390500,2003-04,0.0002,9.305,10.63,10.86
08390500,2003-05,0.0,0.1433,0.1304,0.3065
08390500,2003-06,0.0,0.6701,0.6555,0.5302
08390500,2003-07,0.0,0.8538,1.043,1.46
08390500,2003-08,0.0,1.675,1.861,1.442
08390500,2003-09,0.0,0.2342,0.2061,0.3655
08390500,2003-10,0.0284,0.7836,0.8097,0.6296
08390500,2003-11,0.0003,0.564,0.6613,0.7951
08390500,2003-12,0.0,0.1991,0.205,0.398
08390500,2004-01,0.0035,0.1998,0.2086,0.4576
08390500,2004-02,0.0,3.934,4.346,4.53
08390500,2004-03,0.0001,12.27,13.35,12.82
08390500,2004-04,0.1485,7.225,7.849,6.797
08390500,2004-05,0.0,0.196,0.1496,0.2941
08390500,2004-06,0.0,0.3967,0.3777,0.4458
08390500,2004-07,0.4013,2.982,2.949,2.397
08390500,2004-08,0.5274,8.374,8.887,7.27
08390500,2004-09,0.0,1.878,1.948,1.713
08390500,2004-10,0.3267,5.455,6.058,5.43
08390500,2004-11,0.0,3.113,3.613,3.017
08390500,2004-12,0.0,11.93,13.27,11.63
08390500,2005-01,0.0,10.3,11.74,11.16
08390500,2005-02,0.2688,13.27,14.49,12.61
08390500,2005-03,0.1265,12.65,13.86,13.07
08390500,2005-04,0.0253,3.081,3.736,3.838
08390500,2005-05,0.0126,1.398,1.591,1.819
08390500,2005-06,0.0033,0.0858,0.0789,0.4436
08390500,2005-07,0.0,0.4698,0.509,0.837
08390500,2005-08,0.1157,6.202,6.485,5.059
08390500,2005-09,0.7977,11.92,12.23,10.0
08390500,2005-10,0.0072,6.223,6.773,5.234
08390500,2005-11,0.0025,0.1981,0.2004,0.4923
08390500,2005-12,0.0001,0.3085,0.3521,0.7312
08390500,2006-01,0.0,0.3462,0.4036,0.8089
08390500,2006-02,0.0065,0.0936,0.0904,0.5185
08390500,2006-03,0.0,0.1815,0.1691,0.5566
08390500,2006-04,0.0,0.5635,0.6832,1.086
08390500,2006-05,0.0,0.1109,0.0599,0.3516
08390500,2006-06,0.0,0.6381,0.6358,0.6131
08390500,2006-07,0.0714,12.08,12.92,9.517
08390500,2006-08,7.6943,63.3,64.31,45.59
08390500,2006-09,7.9421,42.52,43.13,29.76
08390500,2006-10,2.7643,17.84,18.65,14.68
08390500,2006-11,1.022,0.8209,0.9112,1.139
08390500,2006-12,0.7746,0.9592,1.066,1.43
08390500,2007-01,0.5156,3.409,4.0,2.993
08390500,2007-02,0.7529,17.72,19.23,17.48
08390500,2007-03,0.4234,1.824,2.178,2.423
08390500,2007-04,0.2302,2.452,2.696,2.623
08390500,2007-05,0.9446,8.031,8.719,7.6
08390500,2007-06,0.0372,0.4746,0.4208,0.8535
08390500,2007-07,0.0,3.94,4.273,4.412
08390500,2007-08,0.016,0.6852,0.7397,0.995
08390500,2007-09,0.0,2.986,3.2,3.257
08390500,2007-10,0.0,0.123,0.1119,0.5519
08390500,2007-11,0.0,1.871,1.913,1.018
08390500,2007-12,0.8001,8.611,8.913,9.558
08397600,2002-01,0.6765,1.711,1.675,0.9266
08397600,2002-02,0.5246,2.101,2.08,2.22
08397600,2002-03,0.3489,0.0614,0.0447,0.3171
08397600,2002-04,0.2812,0.0218,0.0173,0.3095
08397600,2002-05,0.2897,0.0219,0.0153,0.3008
08397600,2002-06,0.2759,0.0925,0.0617,0.2965
08397600,2002-07,0.2751,1.376,1.265,1.166
08397600,2002-08,0.5863,2.005,1.922,1.965
08397600,2002-09,1.2852,5.203,5.108,1.656
08397600,2002-10,0.5554,2.188,2.134,0.7828
08397600,2002-11,0.6381,0.3834,0.3695,0.4221
08397600,2002-12,0.6614,5.95,5.885,2.932
08397600,2003-01,0.6832,1.481,1.478,1.308
08397600,2003-02,0.4592,0.4181,0.3838,0.3846
08397600,2003-03,0.205,1.874,1.855,1.948
08397600,2003-04,0.0794,0.0898,0.0808,0.3234
08397600,2003-05,0.1759,0.0314,0.0229,0.3049
08397600,2003-06,0.1954,0.2378,0.1956,0.3567
08397600,2003-07,0.0435,0.1864,0.1526,0.3804
08397600,2003-08,0.6865,0.717,0.593,0.4693
08397600,2003-09,0.2777,0.5187,0.4929,0.3835
08397600,2003-10,0.3814,0.7744,0.7358,0.443
08397600,2003-11,0.2457,0.1434,0.1257,0.3246
08397600,2003-12,0.3996,0.0416,0.0323,0.2979
08397600,2004-01,0.2961,0.1331,0.1173,0.3131
08397600,2004-02,0.2793,0.765,0.7373,0.8858
08397600,2004-03,0.1922,1.821,1.789,1.689
08397600,2004-04,0.2667,5.05,4.967,1.633
08397600,2004-05,0.22,0.1419,0.1238,0.3501
08397600,2004-06,0.1417,0.1267,0.0847,0.301
08397600,2004-07,0.3516,1.361,1.261,0.6178
08397600,2004-08,0.3942,2.839,2.755,0.9235
08397600,2004-09,0.3374,3.758,3.675,1.228
08397600,2004-10,0.3593,3.358,3.323,0.9758
08397600,2004-11,0.4308,4.363,4.304,1.581
08397600,2004-12,0.4438,6.339,6.306,3.934
08397600,2005-01,0.4142,10.31,10.29,5.7
08397600,2005-02,0.268,24.43,24.36,14.14
08397600,2005-03,0.2092,4.449,4.424,2.73
08397600,2005-04,0.0472,0.2228,0.2012,0.3528
08397600,2005-05,0.032,0.4318,0.3963,0.3852
08397600,2005-06,0.0635,0.0336,0.0255,0.3054
08397600,2005-07,0.0463,0.5152,0.4708,0.6225
08397600,2005-08,0.974,6.436,6.275,2.306
08397600,2005-09,0.3573,5.324,5.251,2.827
08397600,2005-10,0.2304,3.607,3.571,1.102
08397600,2005-11,0.1337,0.0261,0.0254,0.3054
08397600,2005-12,0.2659,0.0385,0.0347,0.3097
08397600,2006-01,0.2775,0.0225,0.0209,0.31
08397600,2006-02,0.2557,0.041,0.0332,0.3112
08397600,2006-03,0.0567,0.0472,0.0379,0.3099
08397600,2006-04,0.0005,0.0561,0.0455,0.3097
08397600,2006-05,0.0,0.0858,0.0693,0.3149
08397600,2006-06,0.0029,0.6285,0.5497,0.3802
08397600,2006-07,0.4454,4.202,4.065,1.7
08397600,2006-08,2.5432,84.31,84.02,35.25
08397600,2006-09,0.9479,47.68,47.56,22.46
08397600,2006-10,0.7606,11.71,11.64,4.599
08397600,2006-11,0.7134,0.3105,0.3015,0.3784
08397600,2006-12,0.7801,0.2498,0.2271,0.3797
08397600,2007-01,0.8689,1.84,1.787,1.63
08397600,2007-02,0.9003,6.785,6.751,4.147
08397600,2007-03,0.9426,1.099,1.071,0.7449
08397600,2007-04,0.974,0.4932,0.4574,0.4168
08397600,2007-05,0.9324,8.594,8.518,2.581
08397600,2007-06,0.8535,1.415,1.35,0.5974
08397600,2007-07,0.7795,15.3,15.16,4.563
08397600,2007-08,0.8247,1.407,1.331,1.195
08397600,2007-09,1.2412,1.305,1.209,0.9692
08397600,2007-10,0.893,0.1537,0.1456,0.3615
08397600,2007-11,0.9972,0.1593,0.1397,0.3572
08397600,2007-12,1.0787,3.544,3.477,1.942
08398500,2002-01,0.0,1.301,0.1571,0.0603
08398500,2002-02,0.0,1.416,0.1808,0.1729
08398500,2002-03,0.0,0.198,0.009,0.0163
08398500,2002-04,0.0,0.028,0.0021,0.0153
08398500,2002-05,0.0,0.022,0.0015,0.0149
08398500,2002-06,0.0,0.2794,0.012,0.0159
08398500,2002-07,0.1425,1.235,0.1242,0.0886
08398500,2002-08,0.0051,1.788,0.1868,0.1732
08398500,2002-09,0.1221,6.714,0.7026,0.1915
08398500,2002-10,0.0,2.798,0.2911,0.0706
08398500,2002-11,0.0,0.3348,0.0396,0.0168
08398500,2002-12,0.0,6.533,0.7028,0.2604
08398500,2003-01,0.0,1.043,0.1465,0.0951
08398500,2003-02,0.0,0.477,0.0466,0.0167
08398500,2003-03,0.0,1.323,0.1638,0.1505
08398500,2003-04,0.0,0.079,0.0069,0.0134
08398500,2003-05,0.0,0.0692,0.0033,0.013
08398500,2003-06,0.0,0.2516,0.0166,0.0133
08398500,2003-07,0.0,0.2112,0.0144,0.0145
08398500,2003-08,0.0186,0.6027,0.0538,0.0146
08398500,2003-09,0.0,0.5105,0.0577,0.0152
08398500,2003-10,0.088,1.071,0.106,0.0286
08398500,2003-11,0.0,0.1501,0.0106,0.0118
08398500,2003-12,0.0,0.0378,0.0028,0.0111
08398500,2004-01,0.0,0.1165,0.0089,0.0113
08398500,2004-02,0.0,0.5602,0.059,0.0433
08398500,2004-03,0.0,1.426,0.1643,0.1277
08398500,2004-04,0.0765,6.673,0.6931,0.1706
08398500,2004-05,0.0,0.1519,0.0101,0.0115
08398500,2004-06,0.1502,0.2225,0.0106,0.0109
08398500,2004-07,0.0303,1.773,0.1563,0.0362
08398500,2004-08,0.0118,3.303,0.3673,0.0781
08398500,2004-09,0.0,4.874,0.5054,0.1252
08398500,2004-10,0.0,4.106,0.4916,0.0678
08398500,2004-11,0.0004,6.459,0.7266,0.1704
08398500,2004-12,0.0,5.986,0.6949,0.3348
08398500,2005-01,0.0,10.32,1.132,0.5559
08398500,2005-02,0.0,26.33,2.803,1.456
08398500,2005-03,0.0,3.698,0.4354,0.2271
08398500,2005-04,0.0,0.2411,0.022,0.0154
08398500,2005-05,0.0,0.5852,0.051,0.0165
08398500,2005-06,0.0,0.0566,0.0036,0.013
08398500,2005-07,0.0,0.4006,0.043,0.028
08398500,2005-08,0.395,7.856,0.844,0.2316
08398500,2005-09,0.0001,6.021,0.6637,0.2721
08398500,2005-10,0.0,4.309,0.5033,0.0865
08398500,2005-11,0.0,0.0736,0.0074,0.0112
08398500,2005-12,0.0,0.0894,0.0086,0.0111
08398500,2006-01,0.0,0.0659,0.0065,0.0112
08398500,2006-02,0.0,0.1029,0.0081,0.0112
08398500,2006-03,0.0,0.1218,0.0081,0.0107
08398500,2006-04,0.0,0.0848,0.006,0.0102
08398500,2006-05,0.0,0.0963,0.007,0.01
08398500,2006-06,0.0,0.747,0.0653,0.0123
08398500,2006-07,0.0,5.266,0.5561,0.1413
08398500,2006-08,0.9295,109.2,11.05,4.133
08398500,2006-09,0.2368,61.27,6.211,2.585
08398500,2006-10,0.0,17.32,1.833,0.5886
08398500,2006-11,0.0,0.4314,0.0421,0.0138
08398500,2006-12,0.0,0.4219,0.0377,0.0147
08398500,2007-01,0.0,1.692,0.1849,0.1117
08398500,2007-02,0.0,5.969,0.7301,0.3707
08398500,2007-03,0.0,1.536,0.1688,0.0352
08398500,2007-04,0.0,0.623,0.0624,0.0155
08398500,2007-05,0.0,14.05,1.496,0.3737
08398500,2007-06,0.0,1.359,0.1528,0.0216
08398500,2007-07,0.0,18.48,1.95,0.509
08398500,2007-08,0.0,1.327,0.1534,0.0809
08398500,2007-09,0.0877,1.71,0.1625,0.0584
08398500,2007-10,0.0009,0.3096,0.0329,0.0143
08398500,2007-11,0.0,0.3394,0.0295,0.013
08398500,2007-12,0.0,3.239,0.3742,0.1403
08396500,2002-01,2.3677,1.777,0.3291,0.0921
08396500,2002-02,2.4834,1.008,0.1548,0.0873
08396500,2002-03,10.41,10.91,6.812,0.1155
08396500,2002-04,2.4107,0.7963,0.1547,0.0037
08396500,2002-05,0.7372,0.1068,0.0037,0.0036
08396500,2002-06,2.8855,9.016,2.236,0.0078
08396500,2002-07,1.7218,11.08,3.577,0.0057
08396500,2002-08,1.0597,23.3,17.34,1.33
08396500,2002-09,4.9366,38.96,28.38,2.515
08396500,2002-10,1.8352,12.68,4.558,0.0067
08396500,2002-11,1.9836,2.252,0.3805,0.0465
08396500,2002-12,2.3806,8.136,2.336,0.0931
08396500,2003-01,2.7107,7.64,0.5827,0.0419
08396500,2003-02,2.7807,3.88,0.5945,0.0448
08396500,2003-03,1.8088,7.754,1.047,0.0398
08396500,2003-04,1.1871,8.586,1.008,0.0033
08396500,2003-05,0.7202,12.62,8.158,0.0038
08396500,2003-06,6.8775,19.72,14.59,0.2538
08396500,2003-07,2.5323,4.886,0.8629,0.004
08396500,2003-08,0.2912,5.466,1.182,0.0032
08396500,2003-09,0.4779,2.063,0.3323,0.0037
08396500,2003-10,3.9167,5.896,1.371,0.0231
08396500,2003-11,1.3516,1.854,0.2844,0.0271
08396500,2003-12,1.8278,0.3582,0.0428,0.0228
08396500,2004-01,2.403,0.71,0.0837,0.0228
08396500,2004-02,2.7734,11.96,4.306,0.0292
08396500,2004-03,9.6982,19.13,5.22,0.0313
08396500,2004-04,6.2906,59.8,44.04,3.862
08396500,2004-05,1.8014,19.22,20.01,4.208
08396500,2004-06,1.0782,15.25,9.488,0.6212
08396500,2004-07,1.8715,20.72,9.923,0.1387
08396500,2004-08,2.1778,21.08,6.808,0.1428
08396500,2004-09,10.1194,36.5,27.73,3.701
08396500,2004-10,18.3429,49.56,39.65,13.78
08396500,2004-11,4.6024,55.02,44.49,22.53
08396500,2004-12,3.7661,16.85,4.752,0.1646
08396500,2005-01,3.5433,20.47,8.182,0.1499
08396500,2005-02,4.0645,42.33,25.84,5.707
08396500,2005-03,2.816,35.11,22.14,0.271
08396500,2005-04,2.2754,50.06,55.95,6.653
08396500,2005-05,5.3028,47.91,44.54,8.279
08396500,2005-06,11.3148,28.26,27.81,3.612
08396500,2005-07,2.2316,8.268,4.838,1.668
08396500,2005-08,3.0567,26.66,11.21,0.0095
08396500,2005-09,2.8616,26.86,10.83,0.0038
08396500,2005-10,3.8888,13.97,6.037,0.0047
08396500,2005-11,8.7558,2.805,0.7164,0.0236
08396500,2005-12,9.2203,2.817,0.6811,0.0236
08396500,2006-01,3.4601,2.776,0.6041,0.0238
08396500,2006-02,8.4718,2.876,0.539,0.0243
08396500,2006-03,7.6218,3.279,0.609,0.0255
08396500,2006-04,1.9399,3.922,0.5997,0.0031
08396500,2006-05,1.2336,3.306,0.5482,0.003
08396500,2006-06,13.012,13.84,6.785,0.3419
08396500,2006-07,1.7216,21.45,4.919,0.0044
08396500,2006-08,6.0307,108.9,41.28,5.714
08396500,2006-09,6.0482,139.3,91.88,38.65
08396500,2006-10,2.9865,42.55,22.79,5.633
08396500,2006-11,2.5944,4.256,1.506,0.0216
08396500,2006-12,2.5177,6.612,2.394,0.0234
08396500,2007-01,2.7919,11.08,4.103,0.035
08396500,2007-02,2.7833,38.4,24.48,0.5293
08396500,2007-03,12.7718,21.47,16.19,0.595
08396500,2007-04,2.9612,12.94,8.752,0.0029
08396500,2007-05,3.1803,72.05,60.37,18.74
08396500,2007-06,1.857,16.87,12.01,9.809
08396500,2007-07,9.0377,26.86,16.88,2.108
08396500,2007-08,1.7573,15.61,9.815,1.882
08396500,2007-09,10.711,16.76,7.4,0.0074
08396500,2007-10,1.4876,2.752,0.579,0.0023
08396500,2007-11,1.6735,5.274,0.8802,0.0244
08396500,2007-12,2.4503,13.89,2.5,0.0303
08401500,2002-01,0.833,0.8538,0.8337,0.001
08401500,2002-02,0.9166,0.9494,0.9177,0.045
08401500,2002-03,1.0317,1.117,1.035,0.1663
08401500,2002-04,3.7799,0.0188,3.78,0.3624
08401500,2002-05,4.0676,18.71,4.036,0.0
08401500,2002-06,5.4537,7.77,2.435,0.0026
08401500,2002-07,2.3901,11.24,2.04,0.0055
08401500,2002-08,2.0365,17.81,5.352,0.2205
08401500,2002-09,2.9019,43.56,26.13,1.39
08401500,2002-10,1.517,0.4625,0.1944,0.0927
08401500,2002-11,0.7193,3.438,0.7213,0.2929
08401500,2002-12,4.413,15.43,4.415,0.3643
08401500,2003-01,0.1517,5.418,0.1517,0.0
08401500,2003-02,0.2815,6.148,0.2836,0.0221
08401500,2003-03,0.7973,6.076,0.7979,0.1651
08401500,2003-04,6.23,7.627,0.0286,0.0
08401500,2003-05,2.9474,31.73,15.99,0.1934
08401500,2003-06,2.4353,16.34,10.85,0.0032
08401500,2003-07,2.9394,10.99,6.877,0.0013
08401500,2003-08,2.6828,5.632,2.685,0.0208
08401500,2003-09,2.5182,4.429,2.518,0.3443
08401500,2003-10,1.3787,0.2085,1.381,0.0038
08401500,2003-11,3.387,3.401,3.387,0.0007
08401500,2003-12,0.6088,0.6088,0.6088,0.0
08401500,2004-01,0.6568,0.668,0.6572,0.0566
08401500,2004-02,0.6963,0.7485,0.6981,0.0662
08401500,2004-03,0.7464,8.812,0.749,0.0999
08401500,2004-04,0.9391,78.83,28.07,1.004
08401500,2004-05,7.091,37.95,38.79,6.214
08401500,2004-06,6.0696,11.96,11.2,0.039
08401500,2004-07,5.215,22.17,12.44,0.1883
08401500,2004-08,3.0027,29.14,10.74,0.6715
08401500,2004-09,3.9055,22.97,12.9,0.1832
08401500,2004-10,2.9151,57.37,32.98,0.3295
08401500,2004-11,11.5609,68.05,54.1,11.61
08401500,2004-12,0.6285,21.85,5.879,0.6312
08401500,2005-01,0.8066,30.7,8.72,0.7365
08401500,2005-02,3.1296,72.89,30.56,0.7543
08401500,2005-03,5.9897,38.35,22.06,0.7371
08401500,2005-04,5.1146,46.28,56.43,0.0084
08401500,2005-05,5.3481,49.9,46.28,11.61
08401500,2005-06,7.9551,35.53,34.96,2.619
08401500,2005-07,6.6701,19.25,17.45,0.7506
08401500,2005-08,2.0201,24.22,10.83,0.7418
08401500,2005-09,5.7154,39.14,13.11,0.7347
08401500,2005-10,3.5446,0.2339,0.0812,0.7361
08401500,2005-11,8.2279,0.7342,0.7342,0.7342
08401500,2005-12,11.4761,3.354,0.7342,0.7342
08401500,2006-01,0.7596,0.7342,0.7342,0.7342
08401500,2006-02,0.6989,3.645,0.7345,0.7347
08401500,2006-03,2.0025,3.365,0.7345,0.7346
08401500,2006-04,5.7076,0.0114,0.0081,0.7343
08401500,2006-05,7.9244,26.26,7.898,0.7343
08401500,2006-06,5.4858,10.52,4.363,0.7425
08401500,2006-07,6.6042,17.25,5.064,0.7396
08401500,2006-08,2.5364,165.4,41.88,0.7436
08401500,2006-09,3.7245,247.3,108.8,16.92
08401500,2006-10,4.6842,73.35,21.76,0.2486
08401500,2006-11,5.7731,3.445,0.7343,0.7343
08401500,2006-12,0.5154,8.616,3.355,0.7347
08401500,2007-01,0.5369,11.37,3.366,0.7372
08401500,2007-02,0.5862,43.4,24.41,0.7348
08401500,2007-03,1.4859,22.1,16.85,0.7357
08401500,2007-04,5.9885,13.62,10.78,0.0092
08401500,2007-05,3.5139,95.27,73.39,16.2
08401500,2007-06,7.695,30.61,24.57,7.744
08401500,2007-07,4.8284,42.34,20.89,2.199
08401500,2007-08,5.33,28.4,16.43,1.457
08401500,2007-09,3.7915,22.15,13.17,2.02
08401500,2007-10,5.9538,0.3393,0.2253,0.0841
08401500,2007-11,8.9254,0.7529,0.7351,0.7353
08401500,2007-12,0.6275,14.11,0.7358,0.7364
08404000,2002-01,0.0136,0.0408,0.0146,0.0107
08404000,2002-02,0.0917,0.1567,0.094,0.0711
08404000,2002-03,0.0835,3.999,0.0884,0.0677
08404000,2002-04,0.0189,0.0419,3.939,0.0053
08404000,2002-05,0.0,13.97,0.4813,0.0003
08404000,2002-06,0.8451,2.178,0.5854,0.0041
08404000,2002-07,0.021,10.12,1.315,0.0064
08404000,2002-08,0.0004,17.32,4.72,0.0066
08404000,2002-09,0.0182,43.84,25.57,0.0212
08404000,2002-10,0.002,0.4817,0.1354,0.0094
08404000,2002-11,0.0912,5.266,0.0923,0.0695
08404000,2002-12,4.9133,13.59,4.916,1.454
08404000,2003-01,0.0107,5.351,0.0107,0.0081
08404000,2003-02,0.0,5.963,0.0032,0.0034
08404000,2003-03,0.0,5.734,0.0012,0.0013
08404000,2003-04,0.0,10.09,0.0,0.0
08404000,2003-05,0.0,27.16,12.04,0.0026
08404000,2003-06,0.0,11.21,8.506,0.0031
08404000,2003-07,0.0,8.234,5.618,0.0024
08404000,2003-08,0.0,4.664,1.902,0.0018
08404000,2003-09,0.0,4.334,1.731,0.0019
08404000,2003-10,0.0,0.1752,0.0513,0.0045
08404000,2003-11,2.7692,2.806,2.77,0.1176
08404000,2003-12,0.0,0.0,0.0,0.0
08404000,2004-01,0.0,0.025,0.0009,0.0009
08404000,2004-02,0.0,0.0899,0.0031,0.0033
08404000,2004-03,0.0,9.607,0.0042,0.0045
08404000,2004-04,14.9073,86.55,34.98,4.352
08404000,2004-05,0.0,35.9,34.47,0.704
08404000,2004-06,0.0028,7.195,5.828,0.005
08404000,2004-07,0.014,20.73,9.696,0.0252
08404000,2004-08,0.0059,27.84,8.526,0.0114
08404000,2004-09,0.0,25.34,13.21,0.9866
08404000,2004-10,0.0,58.72,34.26,0.1269
08404000,2004-11,12.526,74.28,59.72,15.16
08404000,2004-12,0.0039,22.11,5.543,0.0081
08404000,2005-01,0.0,28.1,5.658,0.005
08404000,2005-02,1.5886,78.24,31.55,3.991
08404000,2005-03,3.7221,38.56,22.59,0.0057
08404000,2005-04,0.0,44.66,55.59,0.004
08404000,2005-05,0.0,48.23,45.5,5.088
08404000,2005-06,0.0,29.64,28.23,0.0025
08404000,2005-07,0.0,13.76,11.2,0.0027
08404000,2005-08,0.0,23.62,9.338,0.0136
08404000,2005-09,0.0,38.29,11.56,0.0034
08404000,2005-10,0.0,0.2966,0.0591,0.0064
08404000,2005-11,8.3761,0.0011,0.0011,0.0008
08404000,2005-12,12.4399,4.251,0.001,0.0008
08404000,2006-01,0.0,0.0009,0.0009,0.0006
08404000,2006-02,0.0,4.253,0.0012,0.001
08404000,2006-03,0.0,0.0681,0.0031,0.0031
08404000,2006-04,0.0,0.1003,0.0042,0.0042
08404000,2006-05,2.248,21.98,2.868,0.0008
08404000,2006-06,0.0126,5.942,1.869,0.0079
08404000,2006-07,0.0,13.33,3.676,0.0024
08404000,2006-08,0.0,167.7,42.76,0.1959
08404000,2006-09,0.0111,252.8,114.0,18.95
08404000,2006-10,0.0,72.17,19.02,0.1653
08404000,2006-11,5.2897,5.286,0.0044,0.0034
08404000,2006-12,0.0,6.149,5.877,0.0038
08404000,2007-01,0.0,11.42,0.0997,0.0058
08404000,2007-02,0.0,43.6,24.2,0.0038
08404000,2007-03,0.0,22.15,16.38,0.0115
08404000,2007-04,0.0,15.74,9.452,0.0051
08404000,2007-05,0.0008,96.67,76.7,12.88
08404000,2007-06,0.0,26.46,19.47,0.5298
08404000,2007-07,0.0,39.0,16.63,0.0065
08404000,2007-08,0.0,28.01,15.36,1.053
08404000,2007-09,0.0,33.16,23.19,9.604
08404000,2007-10,0.0,0.7832,0.6605,0.5278
08404000,2007-11,8.328,0.0502,0.0045,0.0039
08404000,2007-12,0.0,15.57,0.0056,0.0052
08407500,2002-01,1.3437,0.5212,0.1475,0.6187
08407500,2002-02,1.2035,1.083,0.3644,0.674
08407500,2002-03,1.1153,5.944,0.5258,0.5396
08407500,2002-04,1.1062,0.1923,4.009,0.4519
08407500,2002-05,0.5472,14.17,0.5349,0.3776
08407500,2002-06,1.0543,3.41,0.8669,0.3843
08407500,2002-07,1.8625,12.54,1.951,0.4255
08407500,2002-08,1.0295,22.1,6.92,1.334
08407500,2002-09,0.8136,46.39,27.03,0.8417
08407500,2002-10,0.967,3.999,1.743,1.145
08407500,2002-11,1.0591,6.072,0.6112,0.8656
08407500,2002-12,6.4129,16.4,6.404,2.814
08407500,2003-01,1.4945,5.399,0.0564,0.6295
08407500,2003-02,1.4554,7.896,0.8705,0.8125
08407500,2003-03,1.1723,6.534,0.53,0.5036
08407500,2003-04,0.4906,10.18,0.0856,0.4059
08407500,2003-05,0.5396,28.81,12.36,0.445
08407500,2003-06,0.6755,12.46,8.808,0.3935
08407500,2003-07,0.2023,9.84,5.972,0.3787
08407500,2003-08,0.1951,5.189,2.07,0.3382
08407500,2003-09,0.34,5.052,1.896,0.3495
08407500,2003-10,0.4138,2.178,0.6558,0.4307
08407500,2003-11,2.7835,3.122,2.891,0.5
08407500,2003-12,0.8504,0.0067,0.0064,0.4807
08407500,2004-01,0.6659,0.2916,0.0936,0.5278
08407500,2004-02,0.6865,1.399,0.2605,0.535
08407500,2004-03,0.9036,11.93,0.5049,0.5452
08407500,2004-04,23.2984,95.03,39.54,7.636
08407500,2004-05,1.0257,36.38,34.61,0.9658
08407500,2004-06,1.4015,10.38,6.586,0.5743
08407500,2004-07,2.3948,51.42,37.77,3.657
08407500,2004-08,1.7258,57.07,37.06,3.582
08407500,2004-09,5.3048,78.36,61.5,4.8
08407500,2004-10,4.3736,85.79,60.82,11.39
08407500,2004-11,14.9716,151.5,133.2,40.27
08407500,2004-12,2.424,32.81,16.11,7.42
08407500,2005-01,2.0479,35.25,12.63,2.627
08407500,2005-02,3.2941,113.1,65.62,15.01
08407500,2005-03,5.9924,45.16,28.87,4.536
08407500,2005-04,2.3493,46.14,56.91,1.046
08407500,2005-05,2.4622,51.56,47.11,6.014
08407500,2005-06,1.8466,30.63,28.87,0.7354
08407500,2005-07,1.7606,14.65,11.57,0.5576
08407500,2005-08,2.9869,31.35,13.2,0.8867
08407500,2005-09,1.8832,42.79,15.44,0.7738
08407500,2005-10,2.3466,15.04,12.94,1.943
08407500,2005-11,8.6601,0.9038,0.9106,1.061
08407500,2005-12,14.2132,4.879,0.6279,1.518
08407500,2006-01,2.8075,0.4317,0.4349,1.188
08407500,2006-02,2.4467,4.982,0.4293,0.8824
08407500,2006-03,1.7071,2.053,0.6422,0.7955
08407500,2006-04,1.2854,0.7834,0.2505,0.5452
08407500,2006-05,3.1198,22.57,3.165,0.4916
08407500,2006-06,1.6243,8.125,2.547,0.4997
08407500,2006-07,1.2849,14.67,4.152,0.4391
08407500,2006-08,2.4008,208.0,80.7,3.295
08407500,2006-09,3.2213,334.9,190.7,39.45
08407500,2006-10,2.3473,91.31,37.4,8.741
08407500,2006-11,7.1926,6.924,1.437,1.743
08407500,2006-12,2.0178,9.988,9.203,3.139
08407500,2007-01,1.8167,22.4,10.26,7.351
08407500,2007-02,1.7631,58.05,38.89,3.309
08407500,2007-03,2.0044,31.52,23.56,3.406
08407500,2007-04,1.592,18.56,11.43,1.707
08407500,2007-05,2.2402,137.4,114.6,24.14
08407500,2007-06,1.7691,29.84,21.45,1.956
08407500,2007-07,2.2622,74.44,50.46,3.848
08407500,2007-08,1.857,74.98,61.11,9.039
08407500,2007-09,2.585,58.11,42.81,15.45
08407500,2007-10,2.0765,4.884,4.829,10.18
08407500,2007-11,9.6257,1.049,0.5394,1.479
08407500,2007-12,2.1522,17.26,0.9312,1.975
08412500,2002-01,0.2049,0.3755,0.1099,1.229
08412500,2002-02,0.2039,0.7842,0.3186,1.29
08412500,2002-03,0.2981,5.193,0.4056,1.12
08412500,2002-04,0.2468,0.2288,4.039,1.081
08412500,2002-05,0.1863,11.94,0.4911,0.9668
08412500,2002-06,0.2354,2.39,0.7107,0.9734
08412500,2002-07,0.2817,9.678,1.846,1.016
08412500,2002-08,0.2886,19.44,7.132,2.233
08412500,2002-09,0.6239,43.44,27.09,1.449
08412500,2002-10,1.9835,3.455,1.713,1.416
08412500,2002-11,0.2016,5.456,0.5986,1.769
08412500,2002-12,0.1625,15.52,6.499,3.569
08412500,2003-01,0.159,5.062,0.0295,1.243
08412500,2003-02,0.1941,7.148,0.8229,1.456
08412500,2003-03,0.1089,5.888,0.4594,1.058
08412500,2003-04,0.1203,9.487,0.0456,1.001
08412500,2003-05,0.4776,25.71,12.15,0.996
08412500,2003-06,0.3771,9.784,8.705,1.013
08412500,2003-07,0.8321,7.444,6.053,0.9586
08412500,2003-08,0.1313,3.442,1.996,0.9216
08412500,2003-09,0.1346,3.214,1.729,0.9232
08412500,2003-10,0.1649,1.702,0.7259,1.022
08412500,2003-11,0.1478,2.296,2.843,1.07
08412500,2003-12,0.1251,0.0037,0.0033,1.072
08412500,2004-01,0.1204,0.1605,0.0784,1.115
08412500,2004-02,0.1393,1.019,0.2308,1.117
08412500,2004-03,0.1649,10.95,0.4856,1.172
08412500,2004-04,0.7681,93.34,39.79,8.515
08412500,2004-05,5.1069,33.18,34.5,1.546
08412500,2004-06,10.1705,7.833,6.607,1.107
08412500,2004-07,1.9508,47.69,37.74,3.196
08412500,2004-08,2.0616,54.89,36.86,5.304
08412500,2004-09,6.5303,68.66,62.22,2.671
08412500,2004-10,1.9065,92.18,61.01,15.56
08412500,2004-11,1.5264,147.1,134.4,17.45
08412500,2004-12,0.7153,33.63,16.09,30.41
08412500,2005-01,0.715,33.48,12.48,4.871
08412500,2005-02,0.7181,107.7,65.9,14.16
08412500,2005-03,1.0314,43.25,28.86,7.068
08412500,2005-04,1.5148,45.88,56.95,1.862
08412500,2005-05,3.7361,47.46,47.14,6.795
08412500,2005-06,5.7417,28.38,28.85,1.552
08412500,2005-07,9.1372,12.32,11.36,1.287
08412500,2005-08,3.9832,28.41,13.31,1.655
08412500,2005-09,3.918,40.48,15.33,1.539
08412500,2005-10,3.3344,14.18,13.34,2.928
08412500,2005-11,0.542,0.5096,0.8601,1.77
08412500,2005-12,0.5342,4.321,0.5691,2.228
08412500,2006-01,0.4508,0.2481,0.3722,1.957
08412500,2006-02,0.8458,4.355,0.3638,1.615
08412500,2006-03,1.2837,1.751,0.5829,1.531
08412500,2006-04,2.7327,0.4707,0.1873,1.258
08412500,2006-05,9.3482,19.88,3.102,1.189
08412500,2006-06,7.7843,6.256,2.365,1.149
08412500,2006-07,4.844,11.44,4.031,1.121
08412500,2006-08,2.3293,200.5,80.91,3.934
08412500,2006-09,1.2805,337.2,191.3,25.08
08412500,2006-10,0.9521,91.3,37.52,23.67
08412500,2006-11,0.5911,5.997,1.393,3.847
08412500,2006-12,0.2358,9.0,8.359,3.355
08412500,2007-01,0.2466,20.25,11.31,8.574
08412500,2007-02,0.7424,55.82,38.79,4.817
08412500,2007-03,0.601,29.8,23.58,3.945
08412500,2007-04,3.3354,14.39,11.34,2.98
08412500,2007-05,0.9705,136.9,115.0,17.27
08412500,2007-06,3.0774,27.57,21.21,11.05
08412500,2007-07,6.8225,70.56,50.79,4.786
08412500,2007-08,2.8873,73.84,60.95,9.945
08412500,2007-09,1.7663,52.89,43.18,8.064
08412500,2007-10,1.1787,7.196,4.825,18.98
08412500,2007-11,0.9949,0.6853,0.4729,2.524
08412500,2007-12,0.304,16.0,0.8832,2.661
