id,label,ch,group,obs0203,lat,lon
08382830,Santa Rosa outlet,174,main,0.701,35.02416667,-104.6888889
08384500,Sumner outlet,162,main,2.71,34.60405556,-104.3879167
08390500,"Rio Hondo, Diamond A",286,trib,0.011,33.34916667,-104.8516667
08397600,"Rio Penasco, Dunken",488,trib,0.426,32.88152778,-105.1780556
08398500,"Rio Penasco, Dayton",209,trib,0.016,32.7434472,-104.4141306
08396500,Pecos near Artesia,114,main,2.568,32.8408611,-104.3238333
08401500,Brantley outlet,108,main,2.353,32.54318889,-104.3711
08404000,Avalon outlet,105,main,0.372,32.48085556,-104.2629806
08407500,Red Bluff inflow,85,main,1.215,32.07519167,-104.0394361
08412500,Orla (below Red Bluff),82,main,0.331,31.87264499,-103.8315949
