yr,prec,sw,surq,latq,gwq,swgw,perco,gw,dvol
2000,320.692,40.714,3.6,0.589,16.04,5.104,2.614,-18.24,-18.24
2001,270.548,80.318,5.329,1.445,11.26,4.146,8.125,-25.829,-7.589
2002,354.438,69.307,4.802,0.781,10.38,3.827,6.422,-34.404,-8.575
2003,258.574,75.385,3.187,1.489,10.17,3.707,7.75,-41.729,-7.325
2004,623.114,131.946,32.711,4.617,10.74,4.895,47.73,-8.749,32.98
2005,405.849,191.768,15.364,5.754,13.63,4.931,60.63,34.041,42.79
2006,385.797,136.794,17.948,2.718,11.93,4.389,28.04,45.721,11.68
2007,485.89,175.289,20.909,4.938,13.01,4.742,45.26,73.901,28.18
2008,360.018,138.209,13.475,3.044,12.21,4.264,23.34,80.847,6.946
2009,330.515,119.851,3.266,1.78,11.75,3.82,15.01,79.622,-1.225
2010,439.387,144.17,24.201,3.696,11.81,4.559,29.52,92.992,13.37
2011,170.291,75.4,2.746,0.876,11.22,3.576,7.192,84.142,-8.85
2012,277.641,63.622,4.073,0.843,10.44,3.506,5.087,74.175,-9.967
2013,348.096,77.73,14.294,1.485,10.23,4.013,6.792,66.657,-7.518
2014,393.584,106.354,18.604,2.258,10.55,4.371,22.0,74.039,7.382
2015,541.976,159.535,18.919,4.283,11.9,4.614,39.79,98.149,24.11
2016,391.029,157.941,13.211,3.864,13.17,4.494,39.7,120.729,22.58
2017,414.968,149.84,12.644,3.499,12.86,4.564,34.41,138.469,17.74
2018,402.112,133.137,11.89,2.574,12.42,4.126,28.46,150.809,12.34
2019,357.622,141.582,12.596,3.486,12.92,4.21,27.61,161.969,11.16
2020,218.207,96.151,4.822,1.328,11.82,3.745,15.2,161.416,-0.553
2021,356.448,79.245,10.31,1.123,10.81,3.915,6.429,153.812,-7.604
2022,371.1,97.76,12.775,1.857,10.72,4.088,12.94,152.742,-1.07
2023,272.03,98.675,5.132,1.616,11.22,3.818,12.7,150.518,-2.224
2024,279.544,72.502,5.573,0.981,10.61,3.722,8.141,144.602,-5.916
2025,380.759,86.668,6.668,1.47,10.7,3.743,10.71,141.236,-3.366
